"","GENENAME","R1A","R1B","R2A","R2B","R2C","R1C","PA","PB","PC","X1","X2","X3","X4","X5","X6","X7","X8","X9","X10","X11","X12","X13","X14","X15","X16","X17","X18","X19","X20","X21","X22","X23","X24","X25","X26","X27","X28","X29","X30","X31","X32","X33","X34","X35","X36","X37","X38","X39","X40","X41","X42","X43","X44","X45","X46","X47","X48","X49","X50","X51","X52","X53","X54","X55","X56","X57","X58","X59","X60"
"1","SNAI2",3.51340161361475,7.3560348447388,15.2127593814831,4.1099682999549,14.8703294170924,8.09959534721757,11.5586287927889,1.11440221766827,3.72536778831931,3.00568712216612,18.2967810677473,12.7704776587394,2.38003803300777,7.91973678165038,20.4976508447116,3.90775974439203,14.3788900921642,14.3788900921642,9.60867418694647,6.65087150926955,102.606718103699,102.606718103699,2.95812757981662,14.223532355988,11.7157178923296,2.28095138612655,17.5619196147507,60.6878802533571,60.6878802533571,23.1143632043708,9.28317079729087,1.95923944216535,3.23283128849822,2.79432523292708,2.79432523292708,2.79432523292708,4.25395694409472,10.2067139126198,13.5194454864239,13.5367576042587,41.0508488021398,6.08877757558712,3.55769655441931,5.87434659661634,3.87104654517558,4.49700299849702,4.49700299849702,14.2820622315011,5.41097408878197,6.17471259399657,7.70372459994638,19.6296348615431,19.6296348615431,19.6296348615431,12.5220486159719,17.3787460619638,17.3787460619638,10.2666251774587,10.2666251774587,15.0032713654738,10.8596237938009,18.1393040604006,9.85986244391556,7.56364694301839,14.8465330357746,2.49216114828496,6.42803893441756,6.83611915880932,6.83611915880932
"2","PTPRN",95.7201327159867,10.3272671309084,5.66583217187452,31.3626715907183,6.9618485354572,20.4053531876944,37.6309204362516,165.694013942783,126.774601959916,46.7330027850045,44.1216655175923,189.901051063675,7.77012416658418,85.1137669252545,28.49101292588,4.88859187147051,232.20990811863,232.20990811863,11.901653254286,0.953909857903203,3.46560688408151,3.46560688408151,1.26776896277855,12.1349079277959,20.2125718788878,64.0621489303544,28.8921903339446,3.14477347915474,3.14477347915474,2.64005905609027,17.8424246058022,45.4678670543889,27.0725988604062,11.9802679526644,11.9802679526644,11.9802679526644,1.19741010278222,23.5655012394309,34.1452661644297,1.7293655089141,48.118565694961,7.03292346547246,7.78903979369907,14.6670384575773,5.79756738393738,38.2768162197653,38.2768162197653,35.0396831450268,29.8525900011778,46.7988501981702,81.0876579025283,10.8455973435923,10.8455973435923,10.8455973435923,72.6631553490201,19.6153929167854,19.6153929167854,43.0202929339114,43.0202929339114,252.71320523307,59.1993651060298,48.908787213476,28.9754819741326,3.3043205079348,58.0878927072348,10.3706060686697,2.78548353824761,39.8539732777505,39.8539732777505
"3","BPIFB2",0.187739017521399,0.259624759226075,2.60628279906228,0.33100415838563,2.99238661781326,0.454714124756074,1.15063273050387,0.0293263741491651,0.252092557104314,0.688048859291039,0.39883991428332,0.239216440293389,0.15750251689022,0,0.667617148991488,0.0934125835312837,0.419056906146863,0.419056906146863,8.24380569448249,0.0529949921057335,0.123771674431483,0.123771674431483,0.0745746448693266,4.9500398948152,0.118340584771006,0.586530356432543,3.33613526731822,0,0,5.90782446118102,0.0212916761405754,0,1.83382827476215,2.24830765867696,2.24830765867696,2.24830765867696,0.252086337427835,0.394009176773925,0.0519978672554766,0.298166467054156,0.112954379565636,0.462438803209148,0.442080636939677,0.489528883051362,0.522141161907404,0.815735427634343,0.815735427634343,0.460711684887131,0.245953367671908,0.586206891835117,3.65331269688179,0.824623930256607,0.824623930256607,0.824623930256607,1.91798984082668,0.849925804832208,0.849925804832208,0.0552960063417884,0.0552960063417884,0,2.7389316648082,0.897783328073819,0.258902296120321,4.87053022845881,0.998645719895155,0.482353770635798,0.107133982240293,0.0601418107813137,0.0601418107813137
"4","HOXA13",0.0804595789377423,0.923110255026045,1.27481223867177,4.1099682999549,1.64886609552976,1.16520494468744,0.104602975500352,0,0.0560205682454032,0.905327446435577,1.19651974284996,1.15927967219104,9.10014542032382,0.131059473928021,0.306743014401494,0.0622750556875225,0.104764226536716,0.104764226536716,0.491352657287036,0.635939905268802,130.579116525214,130.579116525214,0,1.65001329827173,4.78095962474863,13.2077946929995,0.881243278159531,30.8021190441713,30.8021190441713,0.0184619514411907,0.0425833522811508,0.675599807643223,0.52935249168392,3.05127467963302,3.05127467963302,3.05127467963302,3.11956842566946,2.72053955391519,0.103995734510953,0.298166467054156,3.98567596467316,2.19658431524345,0.0210514589018894,1.43093058122706,0.0180048676519794,9.60057849446573,9.60057849446573,0.0511901872096812,0.245953367671908,1.5241379187713,0.555938888655924,6.66869787077082,6.66869787077082,6.66869787077082,1.45502677579955,0.603894650801832,0.603894650801832,3.68640042278589,3.68640042278589,0.177904403543168,14.1511469348424,1.42829165829926,0.129451148060161,0.783104860262005,2.14708829777458,13.1843363973785,0,0.841985350938392,0.841985350938392
"5","MEOX2",1.36781284194162,69.6371298635273,18.8105628106234,16.7984610380707,31.7559396176101,23.218839995357,1.80440132738107,1.31968683671243,9.04732177163261,47.9461415632282,16.0533065499036,57.7983722278104,2.25753607542649,39.6735750362108,5.4672431390384,35.1075626438408,11.7335933721122,11.7335933721122,19.5449168120843,71.1987718940529,275.391975610049,275.391975610049,72.014248728813,30.0344192774019,14.4375513420627,2.38956811879925,31.2841363746633,171.712962487622,171.712962487622,137.633847994077,69.4321558944164,28.9156717671299,27.7342894750111,3.69364829639787,3.69364829639787,3.69364829639787,195.020292792609,14.9911110591603,11.1795414599275,90.4040728108201,59.4140036515246,31.3880337678209,44.144909317262,69.8896620725636,7.94014663452294,0.941233185731934,0.941233185731934,31.1748240106959,1.47572020603145,64.345976493768,13.6602126926884,81.4405764164296,81.4405764164296,81.4405764164296,11.9488562497479,9.88597909831148,9.88597909831148,22.4501785747661,22.4501785747661,12.0381979730877,27.0529566190704,14.5277665815582,46.5808381103144,50.1187110567683,1.74763000981652,5.22549918188781,34.0150393612929,23.896346150442,23.896346150442
"6","LHX2",26.8198596459141,21.0872998882512,18.8955502932015,26.7010021097741,23.8474892705322,19.1263844529196,7.71446944315094,45.5731854278025,30.4191685572539,33.8592464966906,7.92694329638098,54.430940799065,39.7431350952988,3.03309068233419,35.6182770840323,166.990561826091,42.1676011810281,42.1676011810281,28.3892646432509,24.5101838489017,4.57955195396486,4.57955195396486,40.4443157341315,14.3906223102434,9.15956126127585,22.6791737820583,12.7150815848732,8.03895737055451,8.03895737055451,28.1175520449334,46.4158539864544,28.0599120107819,7.44874577583801,41.0797927921119,41.0797927921119,41.0797927921119,22.3726624467204,9.71889302709014,12.150168315363,5.42662970038564,32.3694979155237,75.6280126081627,61.8281347948491,15.7590644274611,35.073482186056,26.814687646852,26.814687646852,33.8623088392041,37.5386327409249,37.7321836044537,39.94818014199,37.4486823979576,37.4486823979576,37.4486823979576,16.8430372228918,5.86001475963259,5.86001475963259,3.37305638684909,3.37305638684909,22.6235099839062,55.2351219069653,24.68904152203,21.1221123251495,18.9664177131749,36.9665357314523,9.40589852739806,24.6943829063875,36.5461736847783,36.5461736847783
"7","IGFBP2",57.1158413005351,570.285832440926,353.837054940701,851.167373498615,240.031666575961,454.362914933965,378.167031659633,21.760462882422,98.5495629888453,1162.15073644042,829.138326805736,909.298492084448,955.795273608472,977.890903322931,458.833418424447,861.995752062764,738.168740177699,738.168740177699,200.854047351,379.735615933633,462.906062373745,462.906062373745,849.75322007102,512.256027258387,169.534721742943,285.531666849976,1258.10067146961,162.549384137767,162.549384137767,640.038932563199,696.429434882081,215.673978593305,292.013520948208,600.844162440999,600.844162440999,600.844162440999,1239.98118301534,391.813982789041,431.478302485945,636.495957220507,1342.20461969858,1015.70829468196,834.374573576386,667.35966383675,259.756225615107,123.552542847079,123.552542847079,961.991593137935,540.605502142853,734.048269955933,186.001268176025,460.01466683293,460.01466683293,460.01466683293,325.374851273115,416.463644367782,416.463644367782,1506.70558080105,1506.70558080105,741.564855435771,366.752560204361,406.655039284346,830.795893058767,400.262084186599,176.743648326111,113.353136099412,453.230311867558,575.176231042224,575.176231042224
"8","GRIA2",123.559066568867,119.71586119869,71.6444478133533,53.5675062987411,83.2371727323707,100.861248377824,13.8860449976717,158.039800963476,170.190486329535,25.2767423044813,75.330888810262,72.2985687625173,274.106880227946,30.124956221455,3.73504729300643,17.8885097462408,96.9592916597304,96.9592916597304,13.757874404037,71.9142042874803,7.17875711702599,7.17875711702599,7.85519592623573,35.7363639663663,41.6085496054856,16.6618067919911,54.7000291943309,4.26939445845512,4.26939445845512,81.7310590301512,104.946671696896,78.5497376353187,15.7482366275966,79.4616163938115,79.4616163938115,79.4616163938115,38.4746772499233,45.8364008980332,12.5488186309884,100.303199517018,46.4887953612283,30.7907169803424,6.63120955409515,34.9071749683548,18.1489065931953,216.128055737068,216.128055737068,71.794237561578,59.1517849250938,162.437929727511,27.1615857029037,94.6166326933559,94.6166326933559,94.6166326933559,113.756638835238,26.2135011385092,26.2135011385092,49.8217017139513,49.8217017139513,63.4229198631393,86.7328360522596,65.1913121180876,75.1679666402665,100.753125314197,178.491278335927,67.6903124792236,16.9807361850864,51.321011866721,51.321011866721
"9","HOXC11",0.0268198596459141,2.68278917866944,4.19271580718714,1.59985343219721,4.73285638531689,2.27357062378037,0,0,0.0280102841227016,0.144852391429692,3.24057430355197,4.23229086672919,7.40261829384034,0.0374455639794344,0.54131120188499,0.171256403140687,7.75255276371696,7.75255276371696,5.78704240804731,0.0529949921057335,1.11394506988334,1.11394506988334,2.48582149564422,1.2114021683514,6.67440898108473,0.847210514847006,1.3218649172393,33.946892523326,33.946892523326,0.886173669177154,0.0425833522811508,1.5313595639913,0.434825261026077,4.14330982813326,4.14330982813326,4.14330982813326,0.157553960892397,3.26464746469823,0.103995734510953,7.75232814340805,0.90363503652509,8.11194733962714,1.19993315740769,0.0188280339635139,0.774209309035116,0.0418325860325304,0.0418325860325304,0.358331310467769,0.184465025753931,2.46206894570749,0.158839682473121,0.0179266071794914,0.0179266071794914,0.0179266071794914,1.12433887220875,0.89465874192864,0.89465874192864,8.0732169259011,8.0732169259011,1.33428302657376,0.0961028654318666,2.468904152203,0.0431503826867202,8.32765168473742,0.632475622600265,0.160784590211933,0.0267834955600732,6.95640278037195,6.95640278037195
"10","POSTN",3.432942034677,620.128161009216,68.8681900491348,91.8536815356921,125.527595696091,85.0884090146131,317.470004492824,3.75377589109313,61.9587204691318,19.6999252344382,91.9824552315906,256.366418935961,2.69504306678821,855.219235726303,174.320250713696,1.30777616943797,21.4766664400267,21.4766664400267,36.5238808583363,923.941189867411,178.602526204629,178.602526204629,10.9376145808346,279.207313560716,58.4365807599226,5.23532651482381,2887.20476304438,1250.53687635315,1250.53687635315,528.270278538231,200.312089130533,32.6089507155796,5.06665956326037,28.1359644143003,28.1359644143003,28.1359644143003,35.5756843695032,61.3528575262254,34.2839271437776,220.523919033254,2511.37926624254,111.139459037932,101.047002729069,18.1125686729004,79.7795685659209,3.80676532896027,3.80676532896027,16.534430468727,20.0759436362195,22.7839078626582,52.0199960099472,465.536061844213,465.536061844213,465.536061844213,10.1631415703575,354.866389985995,354.866389985995,219.764761204381,219.764761204381,436.636707762782,6.58304628208286,49.5617205429843,12.1252575349684,103.904644873788,297.796153672735,19.7765045960677,403.386226630262,32.777286875816,32.777286875816
"11","G6PC3",56.216544586748,88.128009076345,96.7440560055965,92.9015579501014,102.046521113454,86.5673951250151,100.446994680747,43.725594530031,63.7248809242046,140.597352431445,140.790489742012,112.762949701376,132.529617823293,136.713754088915,186.265184568625,176.456370290595,124.878958031765,124.878958031765,179.998856786151,203.182799733382,47.8996380049838,47.8996380049838,193.620636295728,98.5621867663837,140.801627760543,220.36162724636,135.837356733448,73.3086267988391,73.3086267988391,116.070288710766,112.547800079082,136.786441054164,122.885399855196,139.459312199648,139.459312199648,139.459312199648,145.296262734968,147.134284012434,110.35680693854,141.807971730957,137.804343070076,137.247983135782,108.036087084496,110.821807909243,209.270576718957,69.0028506606589,69.0028506606589,86.562606571571,111.478363897292,122.712642690818,128.104203914572,119.785589173362,119.785589173362,119.785589173362,102.843938016741,167.413017083397,167.413017083397,133.079055262571,133.079055262571,112.850693314216,76.1855465711122,100.082436913684,127.595681604632,110.169483755884,160.066264803862,74.6844421534427,121.329234887131,125.255344587216,125.255344587216
"12","OSMR",17.4732726586113,114.321464493077,148.9269935501,170.577503871741,140.794813289289,150.737732356639,113.468208427726,13.1753721348729,48.5698326687645,87.69001646175,77.4247983602495,150.062313122507,44.5732122799322,161.727390827177,255.877805131035,93.4592898230493,36.7984345710214,36.7984345710214,35.9779334613507,44.3303108964461,24.878106560728,24.878106560728,28.0897829007797,26.7135064365766,46.5078498150053,111.180087563769,92.9082198973906,16.7443568029167,16.7443568029167,6.90476983900532,72.6259073155027,159.914474469151,96.7769787474994,38.1891115166701,38.1891115166701,38.1891115166701,58.893670581578,111.861081520292,108.571546829435,35.6905261063825,220.406267212432,9.47999546578754,110.07807859798,102.989345780421,162.854027912154,18.5945844914598,18.5945844914598,18.1213262722272,104.284227892889,75.7965511142806,60.7561785459688,6.2922391200015,6.2922391200015,6.2922391200015,42.1516847777083,133.058121393337,133.058121393337,187.67464552403,187.67464552403,106.327531850967,6.31876340214523,121.52721595472,138.987382633926,33.7499094654381,69.1229279120763,22.7510195149885,129.498201032954,20.9093028816367,20.9093028816367
"13","TIMP4",12.256354019867,86.4258514604679,95.27096797007,23.6665490714537,110.605082720531,100.121996889502,43.3579333448958,9.38443972773282,40.3908297049357,50.8794024896794,192.190983695275,58.9760531646394,46.5507438808872,16.9628404826838,16.6723850180577,67.1013725033054,48.4796458298652,48.4796458298652,9.71786366634359,69.3174496742994,12.5009391175797,12.5009391175797,395.171043162562,34.1072369123765,129.559272207297,26.6110995048098,116.198220820178,4.08195762857172,4.08195762857172,16.4126748312185,43.1795192130869,154.104316123419,91.6725082919759,192.936915795322,192.936915795322,192.936915795322,24.2633099774291,86.7195435737657,10.8328890115576,33.1561111364221,38.4528980721302,238.579885888986,23.219759168784,21.5769269221869,28.7357687725592,42.8784006833437,42.8784006833437,170.181777378585,315.18924067155,88.9666659508429,39.1539817296244,56.4867392225775,56.4867392225775,56.4867392225775,68.7389922264092,39.7228481416316,39.7228481416316,154.017809663995,154.017809663995,62.3258427079565,46.2495039890858,48.6639372149104,95.4054961203383,57.1093544434974,116.242361795796,373.904564537849,33.1044005122504,109.8590410272,109.8590410272
"14","XIRP2",0,0.0288471954695639,0.0283291608593726,0,0.0915731374165507,0,0.575316365251935,0.11730549659666,0.168061704736209,0.181065489287115,0.548404882139565,0.110407587827718,0.0525008389634066,0.992307445455013,0.0180437067294997,0.0467062917656418,0.288101622975968,0.288101622975968,0.218378958794238,1.88132221975354,1.73280344204076,1.73280344204076,0.497164299128844,1.37849212260677,0.260349286496213,0.108616732672693,1.19597302035936,0.12495788658893,0.12495788658893,0.0923097572059535,0.212916761405754,0.315279910233504,0.359203476499803,0.385424170058908,0.385424170058908,0.385424170058908,0.0945323765354382,0.0750493670045571,0.0866631120924611,0.506882993992065,0.0968180396276882,0.346829102406861,0.0421029178037788,0.207108373598653,0.0180048676519794,0.209162930162652,0.209162930162652,0.0511901872096812,0.0307441709589885,0.0586206891835117,0.476519047419363,0.161339464615423,0.161339464615423,0.161339464615423,0.573192366224067,0.178931748385728,0.178931748385728,0.0737280084557178,0.0737280084557178,0.0296507339238613,0.2162314472217,0.081616666188529,0.0647255740300803,0.382002370859514,0.0998645719895155,0.160784590211933,0.267834955600732,0.0200472702604379,0.0200472702604379
"15","ZNF22",20.6805792140872,47.9443561895654,32.9427346802866,44.1286468855762,40.6954503618686,33.8824830331757,28.3813238754013,17.7850969082577,25.336310359212,32.3382963866788,23.8805398677138,36.9865419222855,40.8281524338759,21.4750309422057,30.4758206661249,17.6861158152564,23.8076704804686,23.8076704804686,37.0698282553219,29.438718114735,37.8741323760337,37.8741323760337,32.887418387373,33.6895120267381,19.4078559024449,25.8073356830319,31.4729742199832,18.6812040450451,18.6812040450451,41.7793961114146,42.4768939004479,19.1419945498913,40.8924799825828,36.1013972621844,36.1013972621844,36.1013972621844,35.5441735773248,25.0477262377709,22.359082919855,38.6423741302186,20.493151721194,35.6848609809726,23.2408106276859,34.474130187194,19.8233592848294,54.9680180467449,54.9680180467449,28.0778176845102,48.2683484056119,28.4114940242753,22.1581357050004,29.4892688102634,29.4892688102634,29.4892688102634,35.9567980504405,23.5742578498197,23.5742578498197,28.7170592935021,28.7170592935021,17.4346315472304,25.3951821903707,26.4437998450834,38.9216451834216,31.3432945290232,22.8024106042727,102.017822489471,26.2478256488717,34.8421557126411,34.8421557126411
"16","NELL1",9.86970834969639,0.115388781878256,0.0566583217187452,0,0.213741901272376,0,1.46444165700493,13.9886804691517,13.8650906407373,0.615622663576193,0.69796984999581,0.460031615948825,0.332505313434909,0.599129023670951,0.144349653835997,8.22030735075296,0.130955283170895,0.130955283170895,0.655136876382714,0.397462440793001,0.990173395451861,0.990173395451861,2.38638863581845,1.1069709469418,1.75144065461089,1.17306071286509,4.78389208143745,0.145784201020419,0.145784201020419,1.80927124123669,1.00070877860704,2.47719929469182,0.6616906146049,0.289068127544181,0.289068127544181,0.289068127544181,0.252086337427835,0.168861075760253,1.81992535394168,0.149083233527078,2.30749661112657,0.520243653610292,0.526286472547234,0.150624271708111,10.2267648263243,0.983065771764464,0.983065771764464,22.4980872786549,0.860836786851677,1.42643677013212,7.78314444118294,0.537798215384743,0.537798215384743,0.537798215384743,2.4029987660932,1.09595695886258,1.09595695886258,0.35020804016466,0.35020804016466,3.11332706200544,7.01550917652626,0.693741662602497,0.949308419107844,0.744904623176053,1.31488353119529,0.482353770635798,0.723154380121975,1.34316710744934,1.34316710744934
"17","SCARA3",259.562601653157,177.987196047209,153.06245612319,162.743711206268,168.306479973334,220.507930873899,208.1599212457,92.6420159372124,142.544335900428,149.813585836159,324.605835237337,102.292630122381,101.956629266936,165.303442187213,225.690683772582,462.968332744964,486.263157470166,486.263157470166,412.900016340206,302.839882388214,47.1570079583949,47.1570079583949,120.984932193004,69.2378997945671,681.665436397947,646.095772630247,179.647736847664,171.067346740245,171.067346740245,146.920209568996,127.984265280999,191.555065460442,123.490374131406,195.731241028249,195.731241028249,195.731241028249,107.262736575544,536.096390855302,126.389482675645,69.1149870631533,160.847036501466,181.487961976124,176.348071221127,321.846412572307,301.113406611704,89.6890644537452,89.6890644537452,124.673700949179,132.292167636527,158.041378038748,357.468705405759,109.531569866693,109.531569866693,109.531569866693,129.87216267023,76.8064529945738,76.8064529945738,307.187747230748,307.187747230748,456.265493620378,199.509548636555,212.162523757081,149.861279070979,199.768139840983,256.169271248439,204.67878333979,232.802143408156,207.288774492928,207.288774492928
"18","RGS14",14.6436701865287,3.05780271977378,5.29755308070268,5.02020215183552,7.5420356591824,4.12084675560192,6.14542481064567,15.7775892922508,10.615925692788,9.57836438328841,7.37853841424142,2.87059728352067,2.67754278713374,10.3536984403136,19.7939462822611,6.36762444404917,4.76677230742057,4.76677230742057,10.4821900221234,1.6693422513306,34.7798405152466,34.7798405152466,7.05973304762958,20.280543197745,11.9287309449174,6.08253702967081,8.49770303939548,13.4121464938785,13.4121464938785,7.25554691638794,6.02554434778284,12.2058365247542,6.69252793057527,4.56085267903041,4.56085267903041,4.56085267903041,8.82302180997423,6.67939366340558,7.43569501753316,5.03901329321523,11.9731642339574,9.42219061538639,16.7148583681002,4.70700849087848,8.5883218699942,2.67728550608195,2.67728550608195,8.34400051517804,2.79771955726795,10.5712642827599,11.0393579318819,4.91189036718066,4.91189036718066,4.91189036718066,7.20899629827961,3.08657265965381,3.08657265965381,10.7642892345348,10.7642892345348,10.4074076072753,4.0363203481384,8.69217494907834,9.6225353391386,9.81746093108952,4.69363488350723,0.562746065741764,11.8918720286725,10.5649114272508,10.5649114272508
"19","SDR16C5",1.98466961379764,0,0,0,0.0916036719738753,0,0.0523014877501759,4.42828249652393,2.88505926463826,0.253491685001962,0,0.036802529275906,0.0350005593089378,0.243396165866324,0.108262240376998,0,0.0523821132683579,0.0523821132683579,0.163784219095679,0.0264974960528667,0,0,0,0.626587328457621,0.0946724678168046,0.0217233465345386,0.440621639079765,0.0416526288629767,0.0416526288629767,0.0184619514411907,0.660041960357837,0.653079814055115,0.378108922631371,0.096356042514727,0.096356042514727,0.096356042514727,0,0,0.225324091440399,0,3.88885792504547,0.0385365669340957,0,0.33890461134325,0.0180048676519794,0.146414051113856,0.146414051113856,0.307141123258088,0.0922325128769654,0.664367810746466,0.873618253602166,0.0358532143589829,0.0358532143589829,0.0358532143589829,0.639329946942228,0,0,0.0552960063417884,0.0552960063417884,0.415110274934058,0.0961028654318666,0.428487497489777,0.237327104776961,0.0382002370859515,0.0499322859947577,0,0,0.0801890810417516,0.0801890810417516
"20","DES",1.36781284194162,3.17319150165203,1.33147056039051,4.1099682999549,1.465658751582,5.96812288742347,7.24375605339936,2.08217256459072,4.28557347077334,42.496070335686,5.58375879996648,6.60605400502513,6.3001006756088,1.81610985300257,2.38176928829396,11.8945356363168,42.3771296341015,42.3771296341015,2.18378958794238,0.476954928951601,2.22789013976669,2.22789013976669,15.2878021982119,6.62093943736886,2.20113487674071,9.08035885143714,1.88837845319899,16.6402252307592,16.6402252307592,9.3232854778013,3.8963767337253,2.29703934598696,13.6875429992556,61.4430364435576,61.4430364435576,61.4430364435576,1.9851799072442,17.7304129548266,1.36927717106089,3.57799760464987,18.330882169509,36.0124217999124,14.0202716286583,3.20076577379736,6.49975722236458,4.37150524039943,4.37150524039943,14.0517063890575,4.33492810521737,13.2678159852015,9.92748015457007,2.25875250461592,2.25875250461592,2.25875250461592,8.92857339695181,9.7741467555704,9.7741467555704,35.7212200967953,35.7212200967953,1.48253669619307,20.854321798715,38.1965997762316,58.1019902876687,4.03012501256788,3.67834506828049,2.00980737764916,4.17822530737141,29.208872769458,29.208872769458
"21","HOXC10",0.563217052564196,12.743623612221,20.7304583712239,12.6333253783849,15.9085043661297,12.5046668504248,0.339959670376143,0.0586527482983301,1.00837022841726,0.597516114647481,24.0799598248554,15.7514825300878,24.5703926348743,1.96589210892031,6.67617148991488,0.887419543547195,27.8410932021322,27.8410932021322,18.0162641005246,0.317969952634401,2.97052018635558,2.97052018635558,2.31181399094912,5.80637591037395,19.1948428498571,9.18897558410983,10.2601895957145,56.5850963103539,56.5850963103539,6.84938398468175,0.0425833522811508,7.00371800590141,0.926366860446859,19.5281579496513,19.5281579496513,19.5281579496513,0.50417267485567,16.7922958672696,0.103995734510953,19.7982534123959,4.14703936405264,46.34022173825,27.2826907368486,0.263592475489195,2.19659385354149,0.146414051113856,0.146414051113856,6.96186546051665,1.22976683835954,7.1908045398441,1.27071745978497,0.25097250051288,0.25097250051288,0.25097250051288,6.28307016822535,7.98482927171312,7.98482927171312,22.8556826212725,22.8556826212725,4.9813232992087,0.528565759875266,12.5485624264863,0.280477487463681,23.8751481787197,7.83936890117696,1.60784590211933,0.0535669911201463,24.4376224474738,24.4376224474738
"22","SLC39A10",63.1607694661277,61.848387086745,46.148203039918,68.5454444656908,58.6568846206048,55.4467035874438,26.0984423873378,77.3043222571991,80.3054565695013,55.8587034450751,76.1285686388287,52.7196231877354,52.9908467937318,90.4310370103342,51.8756568473115,31.6980033449489,30.9054468283311,30.9054468283311,50.9914868784546,68.8669922414007,27.7248550726521,27.7248550726521,101.645240956892,63.9119075026773,39.9044451847831,43.7942666136298,54.7000291943309,39.7366079352798,39.7366079352798,83.4849444170643,120.425720251094,77.2435780072085,73.7879562515121,51.7431948304084,51.7431948304084,51.7431948304084,97.9985636750709,47.8627338071563,40.8876562852231,108.115160953837,107.048479148347,65.9553343077047,39.6609485711596,48.4633594220848,24.6846735508638,54.7170225305498,54.7170225305498,58.1776477638027,50.697137911372,54.8298846163113,50.0344999790332,73.0509242564276,73.0509242564276,73.0509242564276,94.7310614486467,57.1686936092401,57.1686936092401,62.1527111281701,62.1527111281701,65.1426624307233,61.7460910399743,39.0127664381169,70.3351237793539,69.237929718287,51.4968309559268,91.4060395354837,57.3702474896767,37.2478281438936,37.2478281438936
"23","LRRC10",0,0.0288471954695639,0.0566583217187452,0.110334719461877,0,0,0,0,0.0280102841227016,0.0543196467861346,0,0.110407587827718,0.0175002796544689,0,0,0.0467062917656418,0.0261910566341789,0.0261910566341789,0,0.1589849763172,0,0,0,0.167089954255365,0.0473362339084023,0.0651700396036158,0,0.0208263144314884,0.0208263144314884,0.0184619514411907,0.149041732984028,0.0450399871762149,0.0378108922631371,0.0321186808382423,0.0321186808382423,0.0321186808382423,0.0630215843569588,0.0375246835022785,0,0.0596332934108312,0.0645453597517921,0.0963414173352392,0,0,0.234063279475733,0.188246637146387,0.188246637146387,0.0255950936048406,0.522650906302804,0.0586206891835117,0.238259523709682,0.0537798215384743,0.0537798215384743,0.0537798215384743,0.0220458602393872,0,0,0,0,0,0.840900072528833,0.081616666188529,0.0863007653734403,0,0,1.04509983637756,0.0535669911201463,0.100236351302189,0.100236351302189
"24","RYR3",79.3086583007572,16.5462320718234,22.2413658364977,18.2331433952335,21.189211778965,57.4569378937248,12.3971262443997,48.5825406374932,41.483230785721,21.3476211869509,3.09100933569573,38.9002734446327,13.0202080629248,10.0354111464884,10.8623114511588,17.7795283987877,44.0795483153231,44.0795483153231,9.39029522815224,22.3373891725667,4.08446525623893,4.08446525623893,6.56256874850074,1.98419320678247,11.6920497753754,3.17160859404264,4.15443259703779,4.41517865947553,4.41517865947553,3.08314589067885,34.6202654045756,138.835760470682,3.98904913376097,3.37246148801544,3.37246148801544,3.37246148801544,1.51251802456701,15.9104658049661,7.55702337446261,36.2272257470799,18.3631548493849,7.59170368601685,14.4413008066961,22.3677043486545,16.0423370779137,3.53485351974882,3.53485351974882,6.85948508609729,2.1213477961702,6.15517236426873,12.7071745978497,3.01167000615456,3.01167000615456,3.01167000615456,4.71781409122886,6.79940643865767,6.79940643865767,91.9941225506219,91.9941225506219,123.347053123263,4.70904040616146,4.24406664180351,47.6595976774824,5.40533354766213,1.76427410514811,2.57255344339092,13.6863662311974,31.0131270928974,31.0131270928974
"25","RANBP17",2.22607517047052,0.288471954695639,0.424937412890589,0.220669438923753,0.641225703817127,0.284196327972546,1.85670281513124,2.0528755168157,2.29684329806153,0.126745842500981,0.348984924997905,0.18401264637953,0.385006152398315,0.542960677701799,0.180437067294997,0.217962694906329,0.759540642391189,0.759540642391189,0.491352657287036,1.2718798105376,8.66401721020379,8.66401721020379,0.124291074782211,0.31329366422881,0.378689871267218,0.347573544552618,1.07008112347943,5.31071018002953,5.31071018002953,0.203081465853098,0.468416875092659,0.540479846114578,0.189054461315686,0.321186808382423,0.321186808382423,0.321186808382423,0.315107921784794,0.450296202027342,1.94125371087113,0.178899880232494,0.24204509906922,0.192682834670478,0.147360212313226,1.54389878500814,0.0720194706079178,12.5497758097591,12.5497758097591,0.255950936048406,6.64074092714151,0.390804594556745,0.555938888655924,0.537798215384743,0.537798215384743,0.537798215384743,0.30864204335142,0.134198811289296,0.134198811289296,0.276480031708942,0.276480031708942,0.296507339238613,0.240257163579666,0.367274997848381,0.172601530746881,0.420202607945466,0.266305525305375,9.56668311760999,0.107133982240293,0.200472702604379,0.200472702604379
"26","CLEC5A",2.92336470140464,24.690516532768,34.0800088429861,38.0930618942129,12.763414427136,34.5298538486644,32.5053746367343,2.19947806118738,11.5682473426758,22.7961451012478,12.5136023106392,25.1177262308059,8.97764346274253,32.577640662108,44.5138245016757,19.1340108599913,14.0122152992857,14.0122152992857,16.978964046252,7.65777635927849,3.21806353521855,3.21806353521855,12.1059506837873,30.4521441630404,31.7626129525379,18.030377623667,10.1342976988346,0.624789432944651,0.624789432944651,15.009566521688,10.9226298601152,75.1492186035145,25.4656359392228,2.76220655208884,2.76220655208884,2.76220655208884,11.1863312233602,20.4884771922441,28.8934815716265,4.591763592634,29.0776845681823,33.5268132326632,43.9343947282431,19.5246712201639,12.4773732828218,14.7669028694832,14.7669028694832,1.68927617791948,2.21358030904717,24.3080457814295,23.7465325297316,22.7130112964157,22.7130112964157,22.7130112964157,11.9488562497479,13.0620176321582,13.0620176321582,38.7440684434797,38.7440684434797,16.7823154009055,3.79606318455873,25.6888456828395,14.0022991818407,12.3577766973053,22.0367822190197,7.79805262527873,51.4510949709005,36.9070245494662,36.9070245494662
