Gene Symbol,Composite_chr_coords,Proneural,Neural,Classical,Mesenchymal
CDKN1B,[36.1:12:12761576-12766570:+],0.033536696,0.033536696,0.033536696,-0.843794
EPB41,[36.1:1:29086215-29319545:+],0.038823076,0.038823076,-0.848219897,0.038823076
CLGN,[36.1:4:141529057-141568232:-],2.127960561,0.419998472,0.419998472,0.419998472
PDE10A,[36.1:6:165664525-165995575:-],1.660129159,0.253494638,0.253494638,0.253494638
RALGPS2,[36.1:1:176960923-177152465:+],0.789715002,-0.019451544,-0.019451544,-0.019451544
TAF5,[36.1:10:105117714-105138812:+],1.083548702,0.094619301,0.094619301,0.094619301
ACTR1A,[36.1:10:104228976-104252452:-],0.593960454,-0.040451546,-0.040451546,-0.040451546
PELI1,[36.1:2:64173497-64225062:-],0.893408132,-0.014662083,-0.014662083,-0.014662083
ZNF804A,[36.1:2:185171338-185512464:+],1.679547976,0.40948179,0.40948179,0.40948179
PPM1D,[36.1:17:56032326-56096818:+],0.810568508,0.031476356,0.031476356,0.031476356
RAD21,[36.1:8:117927354-117956182:-],0.648697416,-0.05838591,-0.05838591,-0.05838591
SORCS3,[36.1:10:106390849-107014983:+],1.283613269,-0.13398318,-0.13398318,-0.13398318
ALCAM,[36.1:3:106568403-106778434:+],1.433020971,-0.161337624,-0.161337624,-0.161337624
PURG,[36.1:8:30972863-31010773:-],-0.022472273,-0.022472273,-0.022472273,-1.09612291
SLC1A1,[36.1:9:4480444-4577469:+],2.07093533,0.348830969,0.348830969,0.348830969
NR0B1,[36.1:X:30232506-30237413:-],3.348768422,1.022862244,1.022862244,1.022862244
FBXO21,[36.1:12:116065968-116112683:-],0.784009478,0.047529271,0.047529271,0.047529271
GADD45G,[36.1:9:91409440-91411290:+],1.143201238,0.035316657,0.035316657,0.035316657
GABRA3,[36.1:X:151086290-151370487:-],0.722112465,0.1421307,0.1421307,0.1421307
FHOD3,[36.1:18:32131700-32614016:+],1.403581166,-0.054117905,-0.054117905,-0.054117905
TMSL8,[36.1:X:101655260-101658355:-],3.992476825,0.09991456,0.09991456,0.09991456
LRRTM4,[36.1:2:76829175-77603010:-],1.868378262,0.263144851,0.263144851,0.263144851
PAFAH1B3,[36.1:19:47493025-47498563:-],-0.018010044,-0.018010044,-0.018010044,-1.223416677
FAM110B,[36.1:8:59069667-59224831:+],1.099445855,0.081293155,0.081293155,0.081293155
REEP1,[36.1:2:86294627-86418288:-],-0.232329661,-0.232329661,-0.232329661,-1.701989824
SNX26,[36.1:19:40958316-40971564:+],0.455450732,-0.058552185,-0.058552185,-0.058552185
LRP6,[36.1:12:12160226-12311078:-],1.256032508,0.12026596,0.12026596,0.12026596
C1QL1,[36.1:17:40392587-40401170:-],1.610220205,0.231015701,0.231015701,0.231015701
TMCC1,[36.1:3:130849325-131081999:-],0.87111013,0.115446813,0.115446813,0.115446813
GSK3B,[36.1:3:121028214-121295954:-],0.748808402,0.008624612,0.008624612,0.008624612
MMP16,[36.1:8:89118576-89408833:-],1.225035047,0.18144797,0.18144797,0.18144797
LPHN3,[36.1:4:62045434-62620763:+],1.364683407,-0.107335363,-0.107335363,-0.107335363
DLL3,[36.1:19:44681427-44690949:+],0.205707579,0.205707579,0.205707579,-1.884943658
SEC61A2,[36.1:10:12211699-12251963:+],1.03362096,0.015562654,0.015562654,0.015562654
ICK,[36.1:6:52974057-53034559:-],0.890525979,0.048185539,0.048185539,0.048185539
RAP2A,[36.1:13:96884475-96918246:+],1.156905381,0.041539067,0.041539067,0.041539067
ZNF286A,[36.1:17:15543780-15588817:+],1.123999011,0.153327422,0.153327422,0.153327422
FAM125B,[36.1:9:128128949-128309140:+],1.17743162,0.113707914,0.113707914,0.113707914
ZEB2,[36.1:2:144862053-144994386:-],0.920748393,0.061997631,0.061997631,0.061997631
AMOTL2,[36.1:3:135556880-135576096:-],2.02534041,0.189312686,0.189312686,0.189312686
NKX2-2,[36.1:20:21439648-21442664:-],1.727740769,0.022742761,0.022742761,0.022742761
TTC3,[36.1:21:37367441-37497278:+],1.175329491,0.09887289,0.09887289,0.09887289
TOP2B,[36.1:3:25614479-25680792:-],0.939262771,-0.022764781,-0.022764781,-0.022764781
SCN3A,[36.1:2:165652276-165768823:-],2.074513781,-0.180950854,-0.180950854,-0.180950854
TOX3,[36.1:16:51029418-51138307:-],1.861721633,-0.128510148,-0.128510148,-0.128510148
MLLT11,[36.1:1:149298488-149307715:+],1.570092739,0.024952799,0.024952799,0.024952799
RALGPS1,[36.1:9:128716874-129025264:+],0.745024634,-0.021900367,-0.021900367,-0.021900367
GSTA4,[36.1:6:52950709-52968135:-],-0.091179025,-0.091179025,-0.091179025,-1.315154459
DGKI,[36.1:7:136724925-137182149:-],1.74233096,0.162593127,0.162593127,0.162593127
MTSS1,[36.1:8:125632206-125809911:-],1.164679733,0.09362139,0.09362139,0.09362139
SATB1,[36.1:3:18364438-18455208:-],2.011413286,0.105259037,0.105259037,0.105259037
KIF21B,[36.1:1:199205143-199259451:-],1.528307621,0.334787824,0.334787824,0.334787824
PODXL2,[36.1:3:128830717-128874342:+],1.045934445,0.067560949,0.067560949,0.067560949
CRMP1,[36.1:4:5873392-5945686:-],1.636938016,-0.309284915,-0.309284915,-0.309284915
GNG4,[36.1:1:233777608-233880677:-],1.755488546,-0.123613299,-0.123613299,-0.123613299
MYT1,[36.1:20:62253588-62377447:+],2.586947018,0.571042186,0.571042186,0.571042186
BCL7A,[36.1:12:120944244-120984333:+],1.183296814,0.028969041,0.028969041,0.028969041
CHD7,[36.1:8:61753893-61942019:+],2.062646657,0.158383103,0.158383103,0.158383103
SOX4,[36.1:6:21701951-21706829:+],2.18410543,-0.017792343,-0.017792343,-0.017792343
SOX11,[36.1:2:5750230-5758968:+],1.635874907,-0.112759915,-0.112759915,-0.112759915
DCX,[36.1:X:110423663-110542062:-],3.919843024,-0.009700532,-0.009700532,-0.009700532
C6orf134,[36.1:6:30702600-30722577:+],1.703958545,0.014638276,0.014638276,0.014638276
FAM77C,[36.1:1:31425180-31433587:-],1.84580465,0.397408441,0.397408441,0.397408441
MARCKSL1,[36.1:1:32572027-32574421:-],-0.139545001,-0.139545001,-0.139545001,-1.516296568
C1orf106,[36.1:1:199127292-199151486:+],1.650363925,0.259649504,0.259649504,0.259649504
DBN1,[36.1:5:176816220-176833271:-],1.058133786,0.000937265,0.000937265,0.000937265
DPYSL4,[36.1:10:133850394-133869256:+],0.814954828,0.048752618,0.048752618,0.048752618
TMEFF1,[36.1:9:102275538-102379735:+],1.925661368,0.257013162,0.257013162,0.257013162
STMN4,[36.1:8:27149731-27171834:-],1.522201812,-0.160082461,-0.160082461,-0.160082461
DUSP26,[36.1:8:33568390-33577043:-],1.494157659,-0.094245084,-0.094245084,-0.094245084
PAK7,[36.1:20:9466037-9767689:-],1.650662618,0.386110698,0.386110698,0.386110698
PAK3,[36.1:X:110226256-110350816:+],2.134435903,0.003268113,0.003268113,0.003268113
MAST1,[36.1:19:12810348-12846765:+],0.690628315,-0.012065767,-0.012065767,-0.012065767
TNRC4,[36.1:1:149941454-149955914:-],0.902746944,0.008968589,0.008968589,0.008968589
CDK5R1,[36.1:17:27838218-27842384:+],0.112679901,0.112679901,0.112679901,-0.863718503
ATP1A3,[36.1:19:47162574-47190222:-],0.904081146,-0.275827821,-0.275827821,-0.275827821
FGF9,[36.1:13:21143875-21174187:+],1.423932368,0.185745362,0.185745362,0.185745362
WASF1,[36.1:6:110527715-110607900:-],1.776402216,0.137856292,0.137856292,0.137856292
CA10,[36.1:17:47062673-47592376:-],2.695186087,0.740281306,0.740281306,0.740281306
RP11-35N6.1,[36.1:9:102830852-103127238:+],2.956078893,-0.116853759,-0.116853759,-0.116853759
SOX10,[36.1:22:36698265-36710485:-],2.418246562,0.64902779,0.64902779,0.64902779
ERBB3,[36.1:12:54760154-54783395:+],3.025219038,0.636435065,0.636435065,0.636435065
RAB33A,[36.1:X:129133327-129146527:+],3.117328296,0.56530498,0.56530498,0.56530498
IL1RAPL1,[36.1:X:28515480-29884761:+],1.62095582,0.032675578,0.032675578,0.032675578
DNM3,[36.1:1:170077261-170648480:+],2.153731862,0.114725885,0.114725885,0.114725885
GPR17,[36.1:2:128120095-128130225:+],5.468432217,1.755839546,1.755839546,1.755839546
CLASP2,[36.1:3:33512741-33734852:-],0.005505112,0.005505112,0.005505112,-1.220748582
PPM1E,[36.1:17:54188231-54417319:+],0.89835767,-0.010809306,-0.010809306,-0.010809306
STMN1,[36.1:1:26099194-26105955:-],1.41300621,0.127350961,0.127350961,0.127350961
FLRT1,[36.1:11:63627817-63643634:+],1.433220064,0.162864003,0.162864003,0.162864003
EPHB1,[36.1:3:135996950-136461999:+],2.294696018,0.094448404,0.094448404,0.094448404
HDAC2,[36.1:6:114364019-114399047:-],1.127693777,0.057011009,0.057011009,0.057011009
PHF16,[36.1:X:46656680-46805585:+],1.275111828,0.04927281,0.04927281,0.04927281
LOC81691,[36.1:16:20725322-20768491:+],1.248749519,0.216909295,0.216909295,0.216909295
CDC7,[36.1:1:91739012-91763908:+],1.238729774,-0.066455569,-0.066455569,-0.066455569
MYB,[36.1:6:135544146-135582003:+],1.113647573,0.269372738,0.269372738,0.269372738
MCM10,[36.1:10:13246133-13293110:+],1.486420322,0.27150998,0.27150998,0.27150998
ATAD5,[36.1:17:26183146-26246421:+],0.993979017,0.066191241,0.066191241,0.066191241
HMGB3,[36.1:X:149902421-149909906:+],0.939541942,0.067039453,0.067039453,0.067039453
CDC25A,[36.1:3:48173672-48204893:-],0.7459682,0.075990288,0.075990288,0.075990288
TOPBP1,[36.1:3:134802139-134863380:-],0.842538175,-0.027200126,-0.027200126,-0.027200126
HN1,[36.1:17:70642938-70662373:-],1.355017077,0.142713334,0.142713334,0.142713334
AOF2,[36.1:1:23218533-23282771:+],1.032645321,0.083806776,0.083806776,0.083806776
SLCO5A1,[36.1:8:70747128-70909762:-],0.780707195,0.151304118,0.151304118,0.151304118
NOL4,[36.1:18:29685062-30057513:-],1.848210821,-0.094303012,-0.094303012,-0.094303012
YPEL1,[36.1:22:20381825-20420123:-],1.282407904,0.186731937,0.186731937,0.186731937
CXXC4,[36.1:4:105612779-105631916:-],1.64909308,-0.111656349,-0.111656349,-0.111656349
ZNF643,[36.1:1:40688366-40701977:+],1.129780277,0.076661018,0.076661018,0.076661018
KLRK1,[36.1:12:10416219-10451632:-],2.175892231,0.567328007,0.567328007,0.567328007
KLRC4,[36.1:12:10416857-10454012:-],3.665431855,0.82031679,0.82031679,0.82031679
KLRC3,[36.1:12:10456178-10479861:-],3.936940273,0.880516943,0.880516943,0.880516943
PCDH11Y,[36.1:Y:4928267-5670265:+],3.843694578,1.042609615,1.042609615,1.042609615
PCDH11X,[36.1:X:90920960-91764882:+],1.996640431,0.500577057,0.500577057,0.500577057
HRASLS,[36.1:3:194441608-194471338:+],3.191888842,0.650080842,0.650080842,0.650080842
KIAA1166,[36.1:X:64052986-64113089:-],1.35855911,0.047646677,0.047646677,0.047646677
ZNF184,[36.1:6:27526506-27548858:-],0.829993613,0.051749097,0.051749097,0.051749097
CASK,[36.1:X:41263406-41667212:-],1.136482036,0.056707307,0.056707307,0.056707307
ZNF711,[36.1:X:84385653-84415024:+],1.214301795,-0.039002564,-0.039002564,-0.039002564
ZNF510,[36.1:9:98557968-98580159:-],0.642138753,-0.024798588,-0.024798588,-0.024798588
WDR68,[36.1:17:58981554-59025373:+],0.568280315,-0.059049987,-0.059049987,-0.059049987
MYST2,[36.1:17:45221057-45261457:+],-0.062023637,-0.062023637,-0.062023637,-0.773621145
CBX1,[36.1:17:43502413-43533806:-],0.759051484,-0.005436279,-0.005436279,-0.005436279
CAMSAP1L1,[36.1:1:198975309-199096455:+],0.79945941,-0.041324358,-0.041324358,-0.041324358
HOXD3,[36.1:2:176737051-176746072:+],1.031187424,0.155481822,0.155481822,0.155481822
MATR3,[36.1:5:138637691-138694032:+],0.47586413,-0.030255301,-0.030255301,-0.030255301
TMEM118,[36.1:12:115660499-115775132:+],1.072353718,-0.075561631,-0.075561631,-0.075561631
LOC55565,[36.1:16:70451089-70475551:-],-0.00263038,-0.00263038,-0.00263038,-0.690050835
VAX2,[36.1:2:70981228-71014084:+],1.119782658,0.112379559,0.112379559,0.112379559
TMEM35,[36.1:X:100220519-100238009:+],1.160548467,0.097168079,0.097168079,0.097168079
NRXN1,[36.1:2:49999147-51113178:-],-0.131277971,-0.131277971,-0.131277971,-1.495899233
SPTBN2,[36.1:11:66209299-66245446:-],0.810480605,0.145124904,0.145124904,0.145124904
NCALD,[36.1:8:102767946-103206311:-],-0.097476873,-0.097476873,-0.097476873,-1.602732407
SOX2,[36.1:3:182912416-182914918:+],-0.182650649,-0.182650649,-0.182650649,-0.9628214
SCG3,[36.1:15:49760842-49800515:+],-0.549913129,-0.549913129,-0.549913129,-2.898697373
TTYH1,[36.1:19:59618417-59639892:+],-0.47866542,-0.47866542,-0.47866542,-2.293861256
C1orf61,[36.1:1:154640679-154663289:-],-0.580201834,-0.580201834,-0.580201834,-2.3919393
GPM6A,[36.1:4:176791079-177160642:-],-0.404296096,-0.404296096,-0.404296096,-1.854730591
DPF1,[36.1:19:43394187-43406628:-],-0.079114445,-0.079114445,-0.079114445,-1.046692092
RUFY3,[36.1:4:71789735-71891789:+],-0.112265166,-0.112265166,-0.112265166,-1.031125753
NRXN2,[36.1:11:64130222-64247236:-],0.711968583,-0.071741193,-0.071741193,-0.071741193
NCAM1,[36.1:11:112337205-112654368:+],1.011094297,-0.047871767,-0.047871767,-0.047871767
MAPT,[36.1:17:41327624-41461547:+],-0.148484998,-0.148484998,-0.148484998,-1.208345771
SRGAP3,[36.1:3:8997278-9266311:-],-0.00601188,-0.00601188,-0.00601188,-0.798028881
FXYD6,[36.1:11:117212903-117252577:-],-0.398261203,-0.398261203,-0.398261203,-1.924446496
ABAT,[36.1:16:8675928-8785933:+],-0.219571278,-0.219571278,-0.219571278,-1.595024357
PHLPP,[36.1:18:58533714-58798646:+],-0.253232852,-0.253232852,-0.253232852,-1.63360273
OLIG2,[36.1:21:33320109-33323370:+],0.092047352,0.092047352,0.092047352,-1.36344675
MAP2,[36.1:2:209997016-210307079:+],-0.228034466,-0.228034466,-0.228034466,-1.782462242
BCAN,[36.1:1:154878364-154895944:+],-0.706172313,-0.706172313,-0.706172313,-3.06260863
NLGN3,[36.1:X:70281436-70307776:+],-0.172224704,-0.172224704,-0.172224704,-1.613133397
CSPG5,[36.1:3:47578732-47597286:-],-0.302190743,-0.302190743,-0.302190743,-2.15325902
DPP6,[36.1:7:153215115-154316928:+],-0.271654983,-0.271654983,-0.271654983,-1.249773484
MYO10,[36.1:5:16715016-16989385:-],-0.140630951,-0.140630951,0.696322298,-0.140630951
BAI3,[36.1:6:69402564-70156120:+],-0.253231038,-0.253231038,-0.253231038,-1.964505219
ASCL1,[36.1:12:101875594-101878421:+],-0.341367074,-0.341367074,-0.341367074,-2.431738656
SEZ6L,[36.1:22:24895440-25109561:+],0.005582796,0.005582796,0.005582796,-1.741128974
CKB,[36.1:14:103055749-103058923:-],-0.394253636,-0.394253636,-0.394253636,-2.31928996
CRB1,[36.1:1:195504031-195714208:+],0.031357281,0.031357281,0.031357281,-1.680650755
GRIA2,[36.1:4:158361186-158506677:+],-0.703871591,-0.703871591,-0.703871591,-3.094599669
ARHGEF9,[36.1:X:62771573-62891718:-],0.830739233,-0.020209146,-0.020209146,-0.020209146
VEZF1,[36.1:17:53403909-53420614:-],-0.025034682,-0.025034682,-0.025034682,-0.76463283
MMP15,[36.1:16:56616783-56638306:+],0.994765103,0.13612372,0.13612372,0.13612372
MARCKS,[36.1:6:114285220-114291345:+],0.708427764,-0.057355045,-0.057355045,-0.057355045
BEX1,[36.1:X:102204235-102205824:-],-0.614162211,-0.614162211,-0.614162211,-2.456932611
CNTN1,[36.1:12:39372625-39750361:+],1.970974884,0.161463017,0.161463017,0.161463017
E2F3,[36.1:6:20510116-20601924:+],0.854549508,0.09802666,0.09802666,0.09802666
RBPJ,[36.1:4:25930430-26042376:+],1.006867203,0.054162587,0.054162587,0.054162587
BCOR,[36.1:X:39795443-39921526:-],0.849692305,0.020155189,0.020155189,0.020155189
P2RX7,[36.1:12:120055061-120108260:+],1.516067696,0.237216615,0.237216615,0.237216615
C20orf42,[36.1:20:6003492-6052191:-],2.827534384,0.607760209,0.607760209,0.607760209
CSNK1E,[36.1:22:37016643-37044035:-],0.946239102,0.069752808,0.069752808,0.069752808
ZNF248,[36.1:10:38130453-38186985:-],1.137067998,0.145718514,0.145718514,0.145718514
PLCB4,[36.1:20:9024932-9409463:+],1.487579801,0.215100291,0.215100291,0.215100291
PFN2,[36.1:3:151165381-151171583:-],1.11787875,-0.051270262,-0.051270262,-0.051270262
GPR23,[36.1:X:77896854-77899244:+],2.059646887,0.467075242,0.467075242,0.467075242
GRID2,[36.1:4:93444831-94912672:+],2.190430493,0.41992426,0.41992426,0.41992426
MPPED2,[36.1:11:30388347-30558619:-],-0.268060006,-0.268060006,-0.268060006,-2.240938839
TSPAN3,[36.1:15:75125386-75150568:-],-0.14744938,-0.14744938,-0.14744938,-0.891853931
TTPA,[36.1:8:64135978-64161166:-],0.096266678,1.089801257,0.096266678,0.096266678
SIRT5,[36.1:6:13682812-13720503:+],-0.023648871,0.541692361,-0.023648871,-0.023648871
CASQ1,[36.1:1:158426989-158438300:+],0.123542796,1.211868428,0.123542796,0.123542796
AKR7A3,[36.1:1:19481644-19487867:-],3.13969E-05,0.897261166,3.13969E-05,3.13969E-05
MRPL49,[36.1:11:64646304-64651419:+],0.039609021,1.044886923,0.039609021,0.039609021
GUK1,[36.1:1:226394605-226403275:+],0.059278329,0.939245773,0.059278329,0.059278329
VSX1,[36.1:20:25000120-25011015:-],0.258524495,2.296134779,0.258524495,0.258524495
NDRG2,[36.1:14:20554762-20563775:-],-0.190187405,1.535569633,-0.190187405,-0.190187405
PPP2R5A,[36.1:1:210525502-210601828:+],0.086582342,1.303495503,0.086582342,0.086582342
RND1,[36.1:12:47537197-47545920:-],0.014456233,1.042364581,0.014456233,0.014456233
ZNF323,[36.1:6:28400493-28429951:-],0.013241311,1.118032429,0.013241311,0.013241311
LYRM1,[36.1:16:20819927-20843829:+],-0.015866606,1.009143707,-0.015866606,-0.015866606
SEPW1,[36.1:19:52973654-52979751:+],-0.074730329,1.089409066,-0.074730329,-0.074730329
USP33,[36.1:1:77934260-77998125:-],0.007570391,0.781855655,0.007570391,0.007570391
ANKRD46,[36.1:8:101602176-101641188:-],-0.032357675,-0.032357675,-0.032357675,-1.143614957
SPAST,[36.1:2:32142184-32236534:+],-0.026890207,-0.026890207,-0.026890207,-0.618309685
PRPSAP2,[36.1:17:18702190-18775305:+],-0.046604621,-0.046604621,-0.046604621,-0.791456467
PDE6D,[36.1:2:232305379-232354220:-],-0.064162096,0.873179557,-0.064162096,-0.064162096
ORC4L,[36.1:2:148408202-148495606:-],0.045110427,0.858092131,0.045110427,0.045110427
SCHIP1,[36.1:3:160446325-161097842:+],-0.219159269,-0.219159269,-0.219159269,-1.445227671
NSL1,[36.1:1:210966118-211031762:-],0.091628778,1.149288597,0.091628778,0.091628778
CRBN,[36.1:3:3166695-3196390:-],-0.032472909,1.074259909,-0.032472909,-0.032472909
CRYZL1,[36.1:21:33883517-33936030:-],-0.051999997,0.984754766,-0.051999997,-0.051999997
ACYP2,[36.1:2:54195914-54385941:+],0.023088293,1.26664105,0.023088293,0.023088293
MGST3,[36.1:1:163867074-163891481:+],-0.012373781,0.96682379,-0.012373781,-0.012373781
PEX19,[36.1:1:158513226-158521555:-],-0.032329911,0.808876755,-0.032329911,-0.032329911
MDH1,[36.1:2:63669626-63687835:+],2.05127E-05,0.874745703,2.05127E-05,2.05127E-05
ATP5L,[36.1:11:117777314-117786205:+],0.037631242,0.792939628,0.037631242,0.037631242
TSNAX,[36.1:1:229731022-229768893:+],0.011027834,1.274972072,0.011027834,0.011027834
MAT2B,[36.1:5:162862809-162878906:+],-0.063670359,1.000438048,-0.063670359,-0.063670359
YPEL5,[36.1:2:30223332-30236903:+],0.048545521,1.111015924,0.048545521,0.048545521
TCEAL1,[36.1:X:102770304-102772537:+],-0.094549617,0.895354711,-0.094549617,-0.094549617
CALM2,[36.1:2:47240807-47257174:-],-0.076124053,0.815035972,-0.076124053,-0.076124053
ATP5F1,[36.1:1:111793266-111806063:+],-0.001003812,0.78036731,-0.001003812,-0.001003812
COX5B,[36.1:2:97628953-97631089:+],0.036228702,0.909280495,0.036228702,0.036228702
PEX11B,[36.1:1:144227740-144235089:+],0.018089137,0.701638414,0.018089137,0.018089137
IMPA1,[36.1:8:82732746-82761115:-],-0.018684435,1.163254655,-0.018684435,-0.018684435
TTC1,[36.1:5:159370085-159425128:+],-0.033260506,0.756201894,-0.033260506,-0.033260506
GABARAPL2,[36.1:16:74157750-74169280:+],-0.054923907,0.922924216,-0.054923907,-0.054923907
NDUFS3,[36.1:11:47557200-47562690:+],-0.027746471,0.708430734,-0.027746471,-0.027746471
FBXO3,[36.1:11:33719066-33752647:-],-0.121637027,1.051857849,-0.121637027,-0.121637027
CCDC121,[36.1:2:27702010-27705383:-],0.09401355,0.953590621,0.09401355,0.09401355
CRYL1,[36.1:13:19875806-19998012:-],0.121384146,1.392508564,0.121384146,0.121384146
SNX11,[36.1:17:43539919-43555106:+],0.002435939,0.776530191,0.002435939,0.002435939
GABRB2,[36.1:5:160648014-160907708:-],0.099332362,1.983610681,0.099332362,0.099332362
SERPINI1,[36.1:3:168936205-169026048:+],-0.063351997,2.484323069,-0.063351997,-0.063351997
KCNK1,[36.1:1:231816373-231874647:+],0.01483938,2.413141749,0.01483938,0.01483938
SNCG,[36.1:10:88708365-88712997:+],0.106853385,0.945283275,0.106853385,0.106853385
CPNE6,[36.1:14:23610590-23617136:+],0.363084416,1.847891094,0.363084416,0.363084416
KCNJ3,[36.1:2:155263339-155421260:+],0.074637979,1.418070803,0.074637979,0.074637979
GRM1,[36.1:6:146390611-146800427:+],0.250436831,1.548181069,0.250436831,0.250436831
VIP,[36.1:6:153113626-153122593:+],0.215725986,1.693462883,0.215725986,0.215725986
HPCAL4,[36.1:1:39917227-39929948:-],0.459575493,2.433494993,0.459575493,0.459575493
HPCA,[36.1:1:33127065-33132834:+],0.320955081,2.045566953,0.320955081,0.320955081
CRYM,[36.1:16:21177340-21221918:-],0.689668559,3.530168776,0.689668559,0.689668559
CCK,[36.1:3:42274321-42282666:-],0.974384431,4.420416444,0.974384431,0.974384431
GPR22,[36.1:7:106897738-106903361:+],0.380810764,2.377145579,0.380810764,0.380810764
CHN1,[36.1:2:175372338-175578361:-],0.129727691,1.407695233,0.129727691,0.129727691
CA4,[36.1:17:55582079-55591686:+],0.301473636,1.53146841,0.301473636,0.301473636
ADD3,[36.1:10:111755716-111885313:+],0.059358616,1.762683649,0.059358616,0.059358616
CAMK2G,[36.1:10:75241841-75304349:-],0.141873211,1.535910757,0.141873211,0.141873211
NTSR2,[36.1:2:11715755-11727876:-],0.481718099,3.183636216,0.481718099,0.481718099
AGXT2L1,[36.1:4:109882645-109903658:-],0.638737336,4.950872056,0.638737336,0.638737336
EDG1,[36.1:1:101475043-101479662:+],-0.014099839,1.588158228,-0.014099839,-0.014099839
MYBPC1,[36.1:12:100512878-100603789:+],0.318817822,3.419810513,0.318817822,0.318817822
PPP1R1A,[36.1:12:53259291-53268710:-],0.489982921,2.374688784,0.489982921,0.489982921
FEZF2,[36.1:3:62330399-62334061:-],0.209951402,1.74671515,0.209951402,0.209951402
LOC201229,[36.1:17:23229467-23244536:-],0.091874593,1.651231679,0.091874593,0.091874593
SLCO1A2,[36.1:12:21311651-21439638:-],0.216770813,1.848495044,0.216770813,0.216770813
DHRS9,[36.1:2:169629545-169660923:+],0.253790337,1.881227543,0.253790337,0.253790337
FLJ22655,[36.1:12:18125070-18134381:-],0.047392642,1.168861631,0.047392642,0.047392642
THTPA,[36.1:14:23095071-23098627:+],-0.066152744,1.044700805,-0.066152744,-0.066152744
SLC30A10,[36.1:1:218154229-218168616:-],0.06732505,1.270285712,0.06732505,0.06732505
ANXA3,[36.1:4:79691766-79750629:+],0.186778787,1.23151518,0.186778787,0.186778787
FXYD1,[36.1:19:40322232-40325794:+],-0.107118669,1.932407353,-0.107118669,-0.107118669
PARP8,[36.1:5:49998570-50173933:+],-0.114803906,-0.114803906,-1.217294897,-0.114803906
MAGEH1,[36.1:X:55495263-55496724:+],-0.279449838,-0.279449838,-1.90664442,-0.279449838
SLC16A7,[36.1:12:58276255-58461675:+],-0.303987411,-0.303987411,-2.223197413,-0.303987411
PGBD5,[36.1:1:228524015-228579990:-],-0.017960843,-0.017960843,-0.981618015,-0.017960843
TPM3,[36.1:1:152394404-152431233:-],-0.044732001,-0.044732001,-0.695894141,-0.044732001
CDC42,[36.1:1:22251707-22292023:+],-0.025435923,-0.025435923,-0.750213543,-0.025435923
PSCD1,[36.1:17:74181725-74289971:-],-0.086307452,-0.086307452,-0.902957065,-0.086307452
ENPP4,[36.1:6:46205689-46222237:+],-0.268514334,-0.268514334,-2.58067782,-0.268514334
MMD,[36.1:17:50824973-50854340:-],-0.074957138,-0.074957138,-1.563363882,-0.074957138
FAM49B,[36.1:8:130922898-131097829:-],-0.082915435,-0.082915435,-1.058862261,-0.082915435
ARRB1,[36.1:11:74654130-74740521:-],0.071531909,0.071531909,-0.933569362,0.071531909
ROGDI,[36.1:16:4786970-4792675:-],0.050109459,0.734242109,0.050109459,0.050109459
GRM3,[36.1:7:86111166-86332128:+],0.448041016,2.735847577,0.448041016,0.448041016
SGK3,[36.1:8:67787445-67936811:+],-0.028202965,-0.028202965,-1.091126597,-0.028202965
PLCL1,[36.1:2:198539543-198721293:+],0.116988993,0.116988993,-1.110111886,0.116988993
BEST1,[36.1:11:61473932-61488981:+],0.103733055,0.103733055,-0.893777216,0.103733055
KIAA1598,[36.1:10:118634298-118754866:-],-0.395396695,-0.395396695,-2.653084759,-0.395396695
ENPP2,[36.1:8:120638500-120720287:-],-0.225588572,-0.225588572,-2.629429845,-0.225588572
EDIL3,[36.1:5:83273882-83716367:-],-0.140831605,-0.140831605,-2.565471401,-0.140831605
SLC31A2,[36.1:9:114953059-114966243:+],0.037109534,0.037109534,-1.723381391,0.037109534
EVI2A,[36.1:17:26668801-26672843:-],-0.220559799,-0.220559799,-2.631787355,-0.220559799
TMEM144,[36.1:4:159351090-159395886:+],0.133906326,2.646316805,0.133906326,0.133906326
CLCA4,[36.1:1:86785347-86819025:+],0.342036118,1.802806021,0.342036118,0.342036118
MBP,[36.1:18:72819777-72973762:-],-0.069065987,-0.069065987,-2.232102776,-0.069065987
UGT8,[36.1:4:115739359-115817201:+],2.762886789,0.194911893,0.194911893,0.194911893
BCAS1,[36.1:20:51993901-52120491:-],0.283181595,0.283181595,-2.355913703,0.283181595
SH3GL3,[36.1:15:81907143-82078495:+],-0.022129349,-0.022129349,-1.085962125,-0.022129349
REPS2,[36.1:X:16874735-17081324:+],-0.008234081,-0.008234081,-1.502012603,-0.008234081
BASP1,[36.1:5:17270750-17329943:+],-0.235793654,-0.235793654,-2.527048922,-0.235793654
DYNC1I1,[36.1:7:95239802-95565674:+],-0.115973158,-0.115973158,-2.291772211,-0.115973158
SH3GL2,[36.1:9:17568771-17787122:+],0.230759499,0.230759499,-2.373614851,0.230759499
FUT9,[36.1:6:96570566-96770209:+],-0.247741736,-0.247741736,-1.726996275,-0.247741736
ANKS1B,[36.1:12:97652700-98902563:-],-0.048692571,-0.048692571,-1.499748522,-0.048692571
CDR1,[36.1:X:139693091-139694389:-],-0.48504722,-0.48504722,-2.758626819,-0.48504722
ATRNL1,[36.1:10:116843114-117698493:+],0.010483732,0.010483732,-1.693887014,0.010483732
GNAI1,[36.1:7:79602076-79686661:+],-0.416533904,-0.416533904,-2.444788111,-0.416533904
AGTPBP1,[36.1:9:87351275-87546729:-],-0.122695645,-0.122695645,-1.259281581,-0.122695645
EPB41L3,[36.1:18:5382388-5534280:-],-0.305391543,-0.305391543,-2.535666353,-0.305391543
FHIT,[36.1:3:59710076-61212164:-],-0.031638354,-0.031638354,-0.650132237,-0.031638354
NANOS1,[36.1:10:120779218-120783844:+],-0.07364259,-0.07364259,-1.114673672,-0.07364259
TCEAL2,[36.1:X:101267316-101269340:+],-0.445169435,-0.445169435,-2.181087796,-0.445169435
PPFIA2,[36.1:12:80177487-80677240:-],0.102476932,0.102476932,-1.669196366,0.102476932
ANXA7,[36.1:10:74805210-74843814:-],-0.037582353,0.77950227,-0.037582353,-0.037582353
UROS,[36.1:10:127467137-127501786:-],0.076270252,1.059079192,0.076270252,0.076270252
PPA1,[36.1:10:71632592-71663196:-],-0.123856795,-0.123856795,-1.304397538,-0.123856795
SAR1A,[36.1:10:71579966-71600272:-],-0.107663887,-0.107663887,-0.751158242,-0.107663887
CUTC,[36.1:10:101481948-101505884:+],-0.10110845,-0.10110845,-1.11131415,-0.10110845
MSRB2,[36.1:10:23424384-23450948:+],-0.057469862,-0.057469862,-0.9302666,-0.057469862
HPRT1,[36.1:X:133421923-133462364:+],0.042801598,0.042801598,-1.136404672,0.042801598
ACSL4,[36.1:X:108771220-108863275:-],-0.022505996,-0.022505996,-0.92061414,-0.022505996
POPDC3,[36.1:6:105712470-105734563:-],0.234794868,0.234794868,-1.682171754,0.234794868
MGC72080,[36.1:7:97433837-97439584:-],-0.123748476,-0.123748476,-1.465038476,-0.123748476
SEPP1,[36.1:5:42835739-42847781:-],-0.248534178,1.228340844,-0.248534178,-0.248534178
MORF4L2,[36.1:X:102817082-102828283:-],-0.075509608,-0.075509608,-0.770597691,-0.075509608
MC1R,[36.1:16:88512527-88514886:+],0.006902965,-1.313427617,0.006902965,0.006902965
KIAA0020,[36.1:9:2794152-2834130:-],0.107924765,-1.062398694,0.107924765,0.107924765
AFAP1,[36.1:4:7811340-7992553:-],-0.003373314,-1.151754309,-0.003373314,-0.003373314
ADCY9,[36.1:16:3952653-4106187:-],0.030695687,-0.695376979,0.030695687,0.030695687
GPR172A,[36.1:8:145553033-145555754:+],-0.010203136,-0.60912025,-0.010203136,-0.010203136
PHC2,[36.1:1:33561811-33613781:-],-0.004078224,-0.758134987,-0.004078224,-0.004078224
SRF,[36.1:6:43246898-43257222:+],-0.044979988,-0.697903144,-0.044979988,-0.044979988
SEC61A1,[36.1:3:129253902-129273216:+],-0.155166177,-1.419258101,-0.155166177,-0.155166177
CHST3,[36.1:10:73394126-73443318:+],0.063875062,-1.007110627,0.063875062,0.063875062
DNAJC13,[36.1:3:133619194-133740566:+],-0.032653256,-0.695947465,-0.032653256,-0.032653256
CDV3,[36.1:3:134775264-134791795:+],-0.039623396,-1.033060721,-0.039623396,-0.039623396
PABPC1,[36.1:8:101784318-101804115:-],0.010418169,-0.740306852,0.010418169,0.010418169
MLXIP,[36.1:12:121001143-121195396:+],-0.028825296,-0.808129078,-0.028825296,-0.028825296
STK10,[36.1:5:171401679-171547951:-],0.024238996,-0.80708137,0.024238996,0.024238996
SP1,[36.1:12:52060245-52096497:+],-0.032264888,-0.732021085,-0.032264888,-0.032264888
SNTB2,[36.1:16:67778551-67900456:+],-0.007091434,-0.847352555,-0.007091434,-0.007091434
RREB1,[36.1:6:7052829-7196194:+],-0.597640581,-0.138762918,-0.138762918,-0.138762918
LEPREL2,[36.1:12:6807833-6819279:+],0.026955506,-0.622723925,0.026955506,0.026955506
KIRREL,[36.1:1:156229687-156332478:+],0.079237322,-0.798107252,0.079237322,0.079237322
AKAP13,[36.1:15:83724875-84093590:+],-0.200057848,-1.367948501,-0.200057848,-0.200057848
PLXNA1,[36.1:3:128190192-128238922:+],-0.06360226,-1.001932622,-0.06360226,-0.06360226
KIAA0152,[36.1:12:119609332-119624050:+],-0.035702564,-1.077849877,-0.035702564,-0.035702564
MYO1E,[36.1:15:57215460-57452363:-],-1.030546838,-0.102470206,-0.102470206,-0.102470206
CTSA,[36.1:20:43952998-43960866:+],-0.138720853,-0.138720853,-0.138720853,0.690896355
TMEM43,[36.1:3:14141546-14160181:+],0.0655476,-0.773380057,0.0655476,0.0655476
TPM4,[36.1:19:16048268-16074408:+],-0.056174847,-1.030923738,-0.056174847,-0.056174847
TSPAN9,[36.1:12:3056818-3265991:+],0.073586151,-0.728347349,0.073586151,0.073586151
FLNA,[36.1:X:153230091-153252845:-],-0.043544451,-1.747392497,-0.043544451,-0.043544451
PLOD3,[36.1:7:100635978-100647731:-],0.014468975,-0.876878358,0.014468975,0.014468975
CSGlcA-T,[36.1:7:150560518-150566841:+],0.026788569,0.026788569,0.026788569,0.790647425
ZYX,[36.1:7:142788482-142798326:+],0.044820219,0.044820219,1.036427592,0.044820219
ACTN4,[36.1:19:43830167-43913010:+],-0.054811447,-1.060403862,-0.054811447,-0.054811447
NOTCH3,[36.1:19:15131444-15172792:-],0.002839029,0.002839029,0.729369762,0.002839029
COL4A2,[36.1:13:109757632-109963375:+],-0.146297713,-1.941149092,-0.146297713,-0.146297713
SERPINH1,[36.1:11:74950818-74961494:+],-0.022725739,-1.090646361,-0.022725739,-0.022725739
LAMC1,[36.1:1:181259218-181381350:+],-0.14598994,-1.408000078,-0.14598994,-0.14598994
LMAN1,[36.1:18:55148088-55177471:-],-0.060915807,-0.944149331,-0.060915807,-0.060915807
P4HB,[36.1:17:77394323-77411833:-],-0.061293367,-0.960580341,-0.061293367,-0.061293367
HSP90B1,[36.1:12:102848319-102865834:+],-0.086769967,-1.02282136,-0.086769967,-0.086769967
CKAP4,[36.1:12:105155910-105165864:-],-0.074442597,-1.322627267,-0.074442597,-0.074442597
TRAM2,[36.1:6:52470159-52549821:-],0.025203238,-0.891526836,0.025203238,0.025203238
C19orf28,[36.1:19:3489263-3508571:-],-0.051560218,-1.038062805,-0.051560218,-0.051560218
FAM38A,[36.1:16:87309255-87330318:-],-0.064942081,-0.876186587,-0.064942081,-0.064942081
GANAB,[36.1:11:62148874-62170680:-],-0.109121476,-0.876199635,-0.109121476,-0.109121476
LAMA5,[36.1:20:60317511-60375763:-],0.047167901,0.047167901,0.997874835,0.047167901
PXN,[36.1:12:119132633-119187892:-],-0.030947,-0.605877272,-0.030947,-0.030947
UNC45A,[36.1:15:89274414-89298717:+],-0.093829273,-0.093829273,0.459782644,-0.093829273
QTRTD1,[36.1:3:115258301-115289959:+],-0.072315771,-1.037579158,-0.072315771,-0.072315771
FAM46A,[36.1:6:82512166-82519147:-],0.022031724,-1.569767929,0.022031724,0.022031724
PLEKHA4,[36.1:19:54032166-54063678:-],0.038456709,0.038456709,0.832773595,0.038456709
ZDHHC18,[36.1:1:27025788-27054795:+],-0.024148519,-0.591517469,-0.024148519,-0.024148519
AFF4,[36.1:5:132238970-132327253:-],-0.01312212,-0.748258653,-0.01312212,-0.01312212
BOP1,[36.1:8:145456864-145485928:-],0.043035724,-0.627008003,0.043035724,0.043035724
RRP1B,[36.1:21:43903860-43940388:+],-0.074272905,-0.837597684,-0.074272905,-0.074272905
EXT1,[36.1:8:118880783-119193239:-],-0.115338009,-0.941022854,-0.115338009,-0.115338009
MBTPS1,[36.1:16:82644869-82708018:-],-0.056927209,-1.000321811,-0.056927209,-0.056927209
HNRPAB,[36.1:5:177564114-177570790:+],-0.070882304,-1.025915049,-0.070882304,-0.070882304
GNL2,[36.1:1:37805004-37834109:-],-0.052661853,-1.02822304,-0.052661853,-0.052661853
RBM15B,[36.1:3:51403771-51410379:+],-0.038344794,-0.824932892,-0.038344794,-0.038344794
GNL1,[36.1:6:30621633-30632987:-],-0.069941699,-0.605866782,-0.069941699,-0.069941699
MIER2,[36.1:19:252444-287175:-],0.007964674,-0.469727585,0.007964674,0.007964674
XPO6,[36.1:16:28016801-28130691:-],-0.136567856,-0.832505917,-0.136567856,-0.136567856
JARID1A,[36.1:12:259484-368978:-],-0.038643304,-1.093925183,-0.038643304,-0.038643304
ZNF146,[36.1:19:41397344-41421516:+],-0.029271076,-1.129551715,-0.029271076,-0.029271076
EEF2,[36.1:19:3927054-3936461:-],-0.052951841,-0.883887984,-0.052951841,-0.052951841
BRD4,[36.1:19:15209301-15304356:-],-0.02068036,-1.068960111,-0.02068036,-0.02068036
STK11,[36.1:19:1156798-1179434:+],-0.036614309,-0.036614309,0.420935715,-0.036614309
POLRMT,[36.1:19:568223-584568:-],0.054208881,0.054208881,0.679870609,0.054208881
FZR1,[36.1:19:3457318-3489325:+],0.014546143,0.014546143,0.423968044,0.014546143
C19orf29,[36.1:19:3561626-3577813:-],0.011219763,0.011219763,0.492985471,0.011219763
GTF2F1,[36.1:19:6330580-6344291:-],0.012617278,0.012617278,0.670308363,0.012617278
ARHGEF18,[36.1:19:7353678-7443371:+],-0.032046069,-0.032046069,0.800765507,-0.032046069
UPF1,[36.1:19:18803744-18840039:+],0.011091624,0.011091624,0.681315588,0.011091624
AP3D1,[36.1:19:2051993-2102556:-],-0.055850395,-1.152512736,-0.055850395,-0.055850395
GNA11,[36.1:19:3045408-3074997:+],-0.065111636,-0.065111636,0.606946324,-0.065111636
WIZ,[36.1:19:15393318-15421762:-],-0.030488412,-0.646152635,-0.030488412,-0.030488412
DOT1L,[36.1:19:2115148-2181015:+],0.04296703,-1.00421423,0.04296703,0.04296703
CHERP,[36.1:19:16489700-16514305:-],0.037087905,0.037087905,0.580855256,0.037087905
AKAP8L,[36.1:19:15351859-15390833:-],0.039247371,0.039247371,0.840220251,0.039247371
TYK2,[36.1:19:10322209-10352211:-],-0.043856488,-0.043856488,0.634694475,-0.043856488
KIAA0892,[36.1:19:19292630-19330563:+],0.017239729,0.017239729,0.564611779,0.017239729
SPPL2B,[36.1:19:2279629-2306100:+],0.072861052,0.072861052,0.864938882,0.072861052
C19orf6,[36.1:19:960650-972141:-],0.103559284,0.103559284,0.933523024,0.103559284
MYO9B,[36.1:19:17073528-17185104:+],-0.008411166,-0.908514417,-0.008411166,-0.008411166
GATAD2A,[36.1:19:19430397-19478789:+],-0.032878859,-0.897147513,-0.032878859,-0.032878859
TCF3,[36.1:19:1560293-1601277:-],0.020281062,-0.646886949,0.020281062,0.020281062
PTBP1,[36.1:19:748411-763327:+],-0.08916784,-1.102815056,-0.08916784,-0.08916784
NCLN,[36.1:19:3136598-3160573:+],0.029131328,0.029131328,0.771649353,0.029131328
PLCG1,[36.1:20:39199575-39237771:+],0.044967198,0.044967198,1.029207784,0.044967198
NFATC3,[36.1:16:66676876-66818338:+],-0.024770373,-0.685795676,-0.024770373,-0.024770373
TRRAP,[36.1:7:98314049-98448800:+],-0.129681453,-1.148426609,-0.129681453,-0.129681453
NUP188,[36.1:9:130749798-130809195:+],-0.069226795,-0.919813784,-0.069226795,-0.069226795
CIZ1,[36.1:9:129968165-130006483:-],-0.0669249,-0.873919329,-0.0669249,-0.0669249
ZBTB43,[36.1:9:128607126-128637338:+],-0.112355767,-0.932337473,-0.112355767,-0.112355767
FBXL11,[36.1:11:66643314-66781717:+],-0.114328114,-1.070801296,-0.114328114,-0.114328114
GOLGA2,[36.1:9:130057929-130078089:-],-0.109701634,-1.08303375,-0.109701634,-0.109701634
BICD2,[36.1:9:94513466-94566919:-],-0.078628449,-0.969548978,-0.078628449,-0.078628449
LARP1,[36.1:5:154072655-154177358:+],-0.160291971,-1.09684485,-0.160291971,-0.160291971
GOLGA3,[36.1:12:131855568-131915499:-],-0.106548618,-0.917891451,-0.106548618,-0.106548618
MSL2L1,[36.1:3:137350450-137397378:-],-0.067162345,-0.959785403,-0.067162345,-0.067162345
MORC2,[36.1:22:29652598-29694187:-],0.011171127,-0.882495678,0.011171127,0.011171127
TTC28,[36.1:22:26707241-26889455:-],-0.087145422,-0.869684308,-0.087145422,-0.087145422
MYST3,[36.1:8:41906154-42028662:-],-0.093469852,-0.786635777,-0.093469852,-0.093469852
NCL,[36.1:2:232027703-232037455:-],-0.109834089,-1.164648912,-0.109834089,-0.109834089
PRKDC,[36.1:8:48848222-49035296:-],0.002479161,-0.877176506,0.002479161,0.002479161
HNRPM,[36.1:19:8415651-8459998:+],-0.13860604,-1.573882744,-0.13860604,-0.13860604
NIPBL,[36.1:5:36912742-37101678:+],-0.029248133,-0.840193358,-0.029248133,-0.029248133
RNASEN,[36.1:5:31436358-31568039:-],-0.101600914,-1.007331225,-0.101600914,-0.101600914
HNRPH3,[36.1:10:69761838-69772954:+],0.792432313,-0.024729647,-0.024729647,-0.024729647
HNRPA3,[36.1:2:177785668-177796931:+],-0.033837429,-1.056557756,-0.033837429,-0.033837429
JMJD2B,[36.1:19:4920132-5104606:+],-0.008992553,-0.939042964,-0.008992553,-0.008992553
SAFB,[36.1:19:5574164-5619489:+],0.015416773,-0.851369524,0.015416773,0.015416773
ELAVL1,[36.1:19:7929457-7976529:-],-0.056382569,-0.820488192,-0.056382569,-0.056382569
LMNB2,[36.1:19:2379164-2407958:-],-0.082844489,-1.408619675,-0.082844489,-0.082844489
DNMT1,[36.1:19:10105022-10166811:-],-0.042430846,-1.111057129,-0.042430846,-0.042430846
SMARCA4,[36.1:19:10932606-11033953:+],-0.086747278,-1.296978296,-0.086747278,-0.086747278
ILF3,[36.1:19:10625988-10664095:+],0.025249569,-0.7054395,0.025249569,0.025249569
KHSRP,[36.1:19:6364115-6375822:-],-0.067011281,-0.905260619,-0.067011281,-0.067011281
HCFC1,[36.1:X:152866202-152890013:-],-0.086394185,-0.775153412,-0.086394185,-0.086394185
RAD54L2,[36.1:3:51636716-51672674:+],-0.068798544,-1.306275152,-0.068798544,-0.068798544
HELZ,[36.1:17:62497016-62671781:-],-0.110476547,-0.898396046,-0.110476547,-0.110476547
MED12,[36.1:X:70255131-70279029:+],-0.116423093,-0.805081406,-0.116423093,-0.116423093
KPNB1,[36.1:17:43082274-43116003:+],-0.164066856,-1.058359178,-0.164066856,-0.164066856
DDX42,[36.1:17:59205299-59250409:+],-0.178442328,-1.08751884,-0.178442328,-0.178442328
CHD4,[36.1:12:6549509-6586812:-],-0.198854922,-1.338993375,-0.198854922,-0.198854922
GCN1L1,[36.1:12:119049397-119116896:-],-0.108342551,-0.899025598,-0.108342551,-0.108342551
EP400,[36.1:12:131000461-131130964:+],-0.092701446,-0.786921864,-0.092701446,-0.092701446
THOC2,[36.1:X:122562093-122694585:-],-0.08900851,-0.922633889,-0.08900851,-0.08900851
TPR,[36.1:1:184547407-184611080:-],-0.172723786,-1.270867031,-0.172723786,-0.172723786
SRRM2,[36.1:16:2742331-2761414:+],-0.04321901,-0.912038774,-0.04321901,-0.04321901
RBBP6,[36.1:16:24458409-24491685:+],-0.13660045,-1.165131974,-0.13660045,-0.13660045
BAT2D1,[36.1:1:169721290-169829273:+],-0.084222068,-1.166142054,-0.084222068,-0.084222068
BPTF,[36.1:17:63252242-63410956:+],-0.115521667,-0.93329425,-0.115521667,-0.115521667
ANKRD11,[36.1:16:87861536-88084470:-],-0.158995618,-1.443830889,-0.158995618,-0.158995618
RBM10,[36.1:X:46889575-46931156:+],-0.09858574,-0.99434831,-0.09858574,-0.09858574
ZNF629,[36.1:16:30697271-30706024:-],-0.115664833,-1.03900513,-0.115664833,-0.115664833
HNRPUL2,[36.1:11:62238796-62251397:-],-0.2462761,-1.478450772,-0.2462761,-0.2462761
ABL1,[36.1:9:132579089-132752883:+],-0.202738916,-1.432039668,-0.202738916,-0.202738916
SSRP1,[36.1:11:56850035-56859927:-],-0.140941118,-1.06690438,-0.140941118,-0.140941118
BRPF1,[36.1:3:9748434-9764699:+],0.005983805,-0.670518291,0.005983805,0.005983805
UBN1,[36.1:16:4837913-4872364:+],-0.10894134,-0.971880487,-0.10894134,-0.10894134
MAML1,[36.1:5:179092457-179136890:+],-0.060657885,-0.881455463,-0.060657885,-0.060657885
TRIO,[36.1:5:14196829-14563310:+],0.210230126,-1.148650352,0.210230126,0.210230126
TOP1,[36.1:20:39090876-39186541:+],-0.151010748,-1.108699043,-0.151010748,-0.151010748
GPR161,[36.1:1:166320621-166372248:-],-0.019382086,-0.681709426,-0.019382086,-0.019382086
BMS1,[36.1:10:42599814-42646856:+],-0.019317783,-0.93603285,-0.019317783,-0.019317783
PPM1G,[36.1:2:27457565-27486000:-],-0.122932046,-0.988727555,-0.122932046,-0.122932046
DCP1A,[36.1:3:53292489-53356677:-],-0.109069698,-0.922359944,-0.109069698,-0.109069698
PCSK7,[36.1:11:116580998-116608021:-],-0.10429827,-0.941174328,-0.10429827,-0.10429827
CASP2,[36.1:7:142695524-142714907:+],-0.019842905,-0.621432459,-0.019842905,-0.019842905
FER,[36.1:5:108111422-108551272:+],-0.034953224,-0.967807114,-0.034953224,-0.034953224
NCOR2,[36.1:12:123374914-123586102:-],-0.015393403,-0.725358524,-0.015393403,-0.015393403
DIAPH1,[36.1:5:140874772-140978747:-],-0.032375004,-0.587209927,-0.032375004,-0.032375004
DPP3,[36.1:11:66004456-66033706:+],-0.063199052,-0.832888651,-0.063199052,-0.063199052
TARS,[36.1:5:33476655-33503953:+],-0.088427454,-1.02005462,-0.088427454,-0.088427454
CDK6,[36.1:7:92072171-92301148:-],-0.048097707,-0.048097707,1.377389935,-0.048097707
ABCD2,[36.1:12:38232813-38300237:-],0.011070126,0.011070126,1.367282901,0.011070126
GAS1,[36.1:9:88749098-88751924:-],0.300472412,0.300472412,2.157331506,0.300472412
TGIF2,[36.1:20:34635424-34655767:+],0.11246346,0.11246346,1.193845797,0.11246346
TBX2,[36.1:17:56832039-56841609:+],0.076212447,0.076212447,0.785733356,0.076212447
DOCK6,[36.1:19:11170971-11234128:-],-0.01263916,-0.01263916,0.559964142,-0.01263916
CAMK2B,[36.1:7:44225416-44331749:-],0.202079385,0.202079385,2.160479783,0.202079385
CALM1,[36.1:14:89933126-89944363:+],0.018868958,0.018868958,0.919816144,0.018868958
SHOX2,[36.1:3:159296494-159306646:-],-0.030126134,-0.030126134,1.51335036,-0.030126134
IRS2,[36.1:13:109204185-109236916:-],0.095470994,0.095470994,1.487081107,0.095470994
GRIK1,[36.1:21:29831125-30234153:-],0.310430685,0.310430685,2.178078649,0.310430685
MEIS1,[36.1:2:66516036-66653395:+],0.253808108,0.253808108,2.010976325,0.253808108
ADAM19,[36.1:5:156836890-156935346:-],0.165001631,0.165001631,1.399447467,0.165001631
JAG1,[36.1:20:10566334-10602636:-],-0.136765862,-0.136765862,1.084789944,-0.136765862
LHFP,[36.1:13:38815029-39075356:-],-0.044974709,-0.044974709,1.233966187,-0.044974709
TMEM147,[36.1:19:40728385-40730268:+],-0.02104335,-0.02104335,0.776067682,-0.02104335
TMED1,[36.1:19:10804114-10807983:-],-0.040542459,-0.040542459,0.6610299,-0.040542459
RIN1,[36.1:11:65856118-65860576:-],-0.553089068,0.089372271,0.089372271,0.089372271
PEPD,[36.1:19:38569696-38704641:-],0.027402123,0.027402123,0.90841783,0.027402123
HS3ST3B1,[36.1:17:14145175-14193444:+],0.136568997,0.136568997,1.81820168,0.136568997
CDH4,[36.1:20:59260877-59945694:+],0.36219325,0.36219325,2.626412667,0.36219325
ACSL3,[36.1:2:223433976-223516363:+],-0.007097978,-0.007097978,1.443933117,-0.007097978
RGS6,[36.1:14:71469586-72100407:+],0.238621503,0.238621503,2.132652475,0.238621503
KCNF1,[36.1:2:10969514-10971807:+],0.411047365,0.411047365,2.595180754,0.411047365
LMO2,[36.1:11:33836698-33870412:-],-0.101960487,-0.101960487,1.369711994,-0.101960487
FZD7,[36.1:2:202607555-202611405:+],-2.030929095,-0.315312881,-0.315312881,-0.315312881
SLC2A10,[36.1:20:44771533-44798393:+],-1.15983627,-0.260069905,-0.260069905,-0.260069905
RBCK1,[36.1:20:336709-359610:+],0.055076368,0.055076368,0.817472567,0.055076368
NPEPL1,[36.1:20:56700460-56727701:+],0.023669691,0.023669691,0.690469636,0.023669691
POFUT1,[36.1:20:30259357-30290128:+],0.028561634,0.028561634,0.727982871,0.028561634
MCC,[36.1:5:112385695-112852426:-],-0.05305002,-0.05305002,0.967661342,-0.05305002
FLJ11286,[36.1:19:10057806-10064928:+],-1.070243141,-0.148951416,-0.148951416,-0.148951416
CD97,[36.1:19:14353213-14380535:+],-1.193145895,-0.097881743,-0.097881743,-0.097881743
PLA2G5,[36.1:1:20269288-20290981:+],-2.338497521,-0.136957484,-0.136957484,-0.136957484
ARNTL,[36.1:11:13255901-13365389:+],-1.26376455,-0.181524458,-0.181524458,-0.181524458
ANXA5,[36.1:4:122808598-122837802:-],-1.063703581,-0.165988156,-0.165988156,-0.165988156
PIPOX,[36.1:17:24394044-24408362:+],-1.902228825,-0.432381153,-0.432381153,-0.432381153
LRRC16,[36.1:6:25387627-25728737:+],-2.237228408,-0.456591284,-0.456591284,-0.456591284
ELOVL2,[36.1:6:11088978-11152610:-],-0.174711145,-0.174711145,2.643564304,-0.174711145
VAV3,[36.1:1:107915305-108309068:-],0.118095563,0.118095563,2.119220614,0.118095563
MEOX2,[36.1:7:15617362-15692833:-],-0.179623659,-0.179623659,3.014033885,-0.179623659
FLJ21963,[36.1:12:79995940-80173713:+],-2.583837047,-0.322088949,-0.322088949,-0.322088949
NR2E1,[36.1:6:108593955-108616706:+],-2.044200058,-0.49327629,-0.49327629,-0.49327629
SIPA1L1,[36.1:14:71065795-71275875:+],-0.026235169,-0.026235169,1.193476819,-0.026235169
GALNT4,[36.1:12:88437320-88442670:-],-0.577227203,0.008842788,0.008842788,0.008842788
LRP10,[36.1:14:22410800-22417133:+],-0.880375456,-0.087804943,-0.087804943,-0.087804943
LAMB2,[36.1:3:49133551-49145603:-],-0.223804856,-0.223804856,1.038193017,-0.223804856
OSBPL3,[36.1:7:24802684-24986293:-],-1.783556077,-0.247849072,-0.247849072,-0.247849072
TRIP6,[36.1:7:100302886-100309012:+],-1.608140915,-0.302547939,-0.302547939,-0.302547939
GSTK1,[36.1:7:142670658-142676344:+],-0.866872392,-0.06497402,-0.06497402,-0.06497402
PTPN14,[36.1:1:212597634-212791265:-],-0.872175383,0.112446957,0.112446957,0.112446957
TEAD3,[36.1:6:35549352-35572839:-],-0.508201426,-0.010965134,-0.010965134,-0.010965134
EPHB4,[36.1:7:100238123-100263079:-],-0.81586309,-0.081313522,-0.081313522,-0.081313522
PCSK5,[36.1:9:77695441-77998177:+],-1.828747828,-0.327906656,-0.327906656,-0.327906656
DLC1,[36.1:8:12985243-13416767:-],-0.868510139,-0.026931941,-0.026931941,-0.026931941
CD151,[36.1:11:822952-828835:+],-0.134583501,-0.134583501,0.839635889,-0.134583501
ITGA7,[36.1:12:54364619-54387949:-],-0.089734603,-0.089734603,1.413810109,-0.089734603
M6PRBP1,[36.1:19:4789346-4818676:-],-1.05278662,-0.143378865,-0.143378865,-0.143378865
RASGRP1,[36.1:15:36567596-36644224:-],-0.035961319,-0.035961319,1.549222891,-0.035961319
ACSBG1,[36.1:15:76250242-76313954:-],-0.101426508,-0.101426508,2.240475404,-0.101426508
MLC1,[36.1:22:48839947-48866485:-],-0.397025824,-0.397025824,1.357427737,-0.397025824
CENTD1,[36.1:4:35744017-35922374:-],-0.220583541,-0.220583541,1.028033611,-0.220583541
SLC4A4,[36.1:4:72271867-72656663:+],-0.034375672,-0.034375672,2.049291991,-0.034375672
FGFR3,[36.1:4:1765421-1780396:+],0.207919689,0.207919689,1.924263994,0.207919689
PTPRA,[36.1:20:2792841-2967315:+],-0.051148883,-0.051148883,1.005609031,-0.051148883
ITGB8,[36.1:7:20337250-20421907:+],-0.01437233,-0.01437233,1.182837069,-0.01437233
EYA2,[36.1:20:44956916-45250899:+],-0.112174026,-0.112174026,1.616748766,-0.112174026
NES,[36.1:1:154905179-154913813:-],-0.179945789,-0.179945789,1.636419217,-0.179945789
DENND2A,[36.1:7:139864689-139987755:-],0.089555846,0.089555846,1.752964264,0.089555846
DAG1,[36.1:3:49482569-49548052:+],-0.045679171,-0.045679171,0.749238059,-0.045679171
CENTD3,[36.1:5:141013152-141041984:-],0.192396642,0.192396642,2.201838057,0.192396642
SPRY2,[36.1:13:79808112-79813087:-],-0.239113938,-0.239113938,1.513344234,-0.239113938
PDGFA,[36.1:7:503421-526007:-],-0.126217926,-0.126217926,2.232093504,-0.126217926
SLC12A4,[36.1:16:66535731-66560026:-],-0.042324887,-0.042324887,0.964746586,-0.042324887
GLG1,[36.1:16:73043357-73198518:-],-0.16033237,-0.16033237,0.89885208,-0.16033237
SSH3,[36.1:11:66827577-66836647:+],-0.858864609,-0.148798509,-0.148798509,-0.148798509
PMP22,[36.1:17:15073821-15109369:-],-1.445071369,-0.249593572,-0.249593572,-0.249593572
SOCS2,[36.1:12:92487729-92494110:+],0.401591231,0.401591231,2.953222174,0.401591231
EGFR,[36.1:7:55054208-55242525:+],1.006857446,1.006857446,5.557410306,1.006857446
SLC6A11,[36.1:3:10832886-10955146:+],0.221398747,0.221398747,1.394928863,0.221398747
SLC6A9,[36.1:1:44234742-44269721:-],0.004697833,0.004697833,0.76285814,0.004697833
LFNG,[36.1:7:2524023-2535337:+],0.127905287,0.127905287,1.392190926,0.127905287
GNG7,[36.1:19:2462217-2653746:-],0.084549961,0.084549961,1.188482271,0.084549961
SEMA6D,[36.1:15:45263695-45853712:+],-0.005040616,-0.005040616,1.437743611,-0.005040616
FZD3,[36.1:8:28407692-28477901:+],-0.039769225,-0.039769225,1.466514547,-0.039769225
BTBD2,[36.1:19:1936447-1966702:-],-0.006550455,-0.006550455,0.658557824,-0.006550455
ZNF446,[36.1:19:63679564-63684409:+],0.073235356,0.073235356,0.659223904,0.073235356
DMWD,[36.1:19:50978104-50987900:-],0.099598358,0.099598358,0.862399026,0.099598358
GRIK5,[36.1:19:47194313-47261797:-],-0.065557111,-0.065557111,0.796301736,-0.065557111
ZNF20,[36.1:19:12103803-12112140:-],0.02100256,0.02100256,0.918219821,0.02100256
CREB5,[36.1:7:28305465-28832036:+],0.069781489,0.069781489,1.530386499,0.069781489
WSCD1,[36.1:17:5914658-5968471:+],-0.050809299,-0.050809299,1.594705092,-0.050809299
TRIB2,[36.1:2:12774466-12800311:+],0.023027496,0.023027496,1.721138384,0.023027496
BLM,[36.1:15:89061583-89159690:+],-0.120384582,-0.120384582,1.315050073,-0.120384582
GPR56,[36.1:16:56211459-56256445:+],-0.116173621,-0.116173621,0.956812326,-0.116173621
SEMA6A,[36.1:5:115807150-115938450:-],-0.254646578,-0.254646578,1.033273387,-0.254646578
NPAS3,[36.1:14:32478210-33340702:+],-0.15568866,-0.15568866,0.881798271,-0.15568866
SOX9,[36.1:17:67628756-67634156:+],-0.21450295,-0.21450295,1.467308605,-0.21450295
QTRT1,[36.1:19:10673131-10685041:+],0.113182875,0.113182875,1.23464361,0.113182875
CC2D1A,[36.1:19:13864993-13902692:+],0.001890371,0.001890371,0.527897985,0.001890371
AKT2,[36.1:19:45428064-45483132:-],0.120509578,0.120509578,1.046769525,0.120509578
LRFN3,[36.1:19:41119596-41127937:+],-0.021790005,-0.021790005,0.67653519,-0.021790005
SCAMP4,[36.1:19:1856373-1877012:+],-0.010972332,-0.010972332,0.586501479,-0.010972332
C19orf22,[36.1:19:847503-864200:-],0.045763971,0.045763971,0.591768359,0.045763971
RBM42,[36.1:19:40811791-40820427:+],-0.027987447,-0.027987447,0.751409665,-0.027987447
HMG20B,[36.1:19:3523943-3530081:+],-0.088549873,-0.088549873,0.486883803,-0.088549873
TMEM161A,[36.1:19:19091426-19110270:-],0.037677208,0.037677208,0.851202959,0.037677208
APBA3,[36.1:19:3701771-3712673:-],-0.012607848,-0.012607848,0.52007222,-0.012607848
RFXANK,[36.1:19:19164008-19173678:+],-0.017608324,-0.017608324,0.789603515,-0.017608324
KEAP1,[36.1:19:10457796-10475054:-],-0.030079481,-0.030079481,0.588126246,-0.030079481
NR2F6,[36.1:19:17203692-17217151:-],0.042819088,0.042819088,0.448573235,0.042819088
ERCC2,[36.1:19:50546686-50565669:-],-0.024614711,-0.024614711,0.745536828,-0.024614711
KIAA0355,[36.1:19:39437296-39538311:+],-0.065607466,-0.065607466,0.502716458,-0.065607466
HSPBP1,[36.1:19:60465404-60483301:-],0.065044986,0.065044986,0.89478769,0.065044986
MGC2752,[36.1:19:63778669-63787569:+],-0.041463656,-0.041463656,1.029226371,-0.041463656
ZNF606,[36.1:19:63180252-63208125:-],-0.030105808,-0.030105808,-0.030105808,-1.104125674
ZNF671,[36.1:19:62922931-62930795:-],-0.114310029,-0.114310029,0.933944533,-0.114310029
ZNF264,[36.1:19:62394681-62426026:+],0.087351042,0.087351042,1.152923275,0.087351042
ZNF8,[36.1:19:63482130-63499066:+],-0.000319901,-0.000319901,0.817906517,-0.000319901
ZNF211,[36.1:19:62836396-62845948:+],0.030729732,0.030729732,1.206535738,0.030729732
ZNF304,[36.1:19:62554487-62563078:+],-0.001978342,-0.001978342,0.688414163,-0.001978342
ZNF134,[36.1:19:62817440-62826536:+],0.048254103,0.048254103,1.078679081,0.048254103
ZNF419,[36.1:19:62690891-62697860:+],0.097893435,0.097893435,1.114934039,0.097893435
ZNF45,[36.1:19:49108621-49121398:-],-0.008437463,-0.008437463,0.969207787,-0.008437463
ZNF228,[36.1:19:49522546-49552696:-],-0.016703362,-0.016703362,1.092475023,-0.016703362
ZNF227,[36.1:19:49408531-49433261:+],0.030071924,0.030071924,1.093098383,0.030071924
ZNF235,[36.1:19:49482440-49501010:-],0.021816984,0.021816984,0.768766679,0.021816984
PRPF31,[36.1:19:59310649-59326954:+],0.003400298,0.003400298,0.830128314,0.003400298
MEGF8,[36.1:19:47521601-47574761:+],0.035820551,0.035820551,1.335368556,0.035820551
CD3EAP,[36.1:19:50601307-50605864:+],0.003931238,0.003931238,0.593534646,0.003931238
PRKD2,[36.1:19:51869413-51912224:-],0.059293599,0.059293599,0.878556366,0.059293599
IRF3,[36.1:19:54854641-54860936:-],0.012786214,0.012786214,0.75145561,0.012786214
B3GALT1,[36.1:2:168383428-168435612:+],0.16450844,0.16450844,1.587450407,0.16450844
CDH2,[36.1:18:23784932-24011189:-],-0.051260766,-0.051260766,1.115206174,-0.051260766
NOS2A,[36.1:17:23107915-23151682:-],0.755953635,0.755953635,2.704431794,0.755953635
FBXO17,[36.1:19:44123882-44158220:-],-0.159784115,-0.159784115,1.065374725,-0.159784115
MAB21L1,[36.1:13:34946319-34948788:-],0.313759231,0.313759231,1.747856699,0.313759231
CDH6,[36.1:5:31229553-31360994:+],0.113675389,0.113675389,1.505705987,0.113675389
SEPT11,[36.1:4:78089905-78178792:+],-0.017503082,-0.017503082,0.767881488,-0.017503082
KLHL4,[36.1:X:86659425-86811706:+],-0.031332497,-0.031332497,2.174396997,-0.031332497
EXTL3,[36.1:8:28615050-28667123:+],0.129676887,0.129676887,1.133142301,0.129676887
KLHDC8A,[36.1:1:203572271-203592662:-],0.020592508,0.020592508,1.690371516,0.020592508
SMO,[36.1:7:128615949-128640622:+],-0.032696342,-0.032696342,0.643699712,-0.032696342
GLI2,[36.1:2:121266327-121466321:+],0.018964387,0.018964387,0.628384848,0.018964387
RFX2,[36.1:19:5944175-6061568:-],-0.020722344,-0.020722344,0.573262771,-0.020722344
GNAS,[36.1:20:56848190-56919645:+],0.116189799,0.116189799,0.872550943,0.116189799
ZFHX4,[36.1:8:77756070-77942076:+],0.0942259,0.0942259,1.704410394,0.0942259
LRP5,[36.1:11:67836656-67973319:+],0.033488404,0.033488404,0.828315278,0.033488404
KLHL25,[36.1:15:84103561-84139193:-],-0.024937008,-0.024937008,0.578513563,-0.024937008
RGS12,[36.1:4:3285672-3411438:+],0.038255585,0.038255585,0.674304753,0.038255585
CLIP2,[36.1:7:73341741-73458209:+],-0.104784751,-0.104784751,1.071746092,-0.104784751
POMT2,[36.1:14:76811052-76856970:-],-0.024030807,-0.024030807,0.773334704,-0.024030807
SARS2,[36.1:19:44097746-44113376:-],0.041906961,0.041906961,0.700160868,0.041906961
TLE2,[36.1:19:2948636-2980022:-],-0.024149439,-0.024149439,1.33963465,-0.024149439
VPS16,[36.1:20:2769373-2795380:+],-0.059072089,-0.059072089,0.809073769,-0.059072089
JUND,[36.1:19:18251570-18253432:-],0.02184945,0.02184945,0.772331395,0.02184945
MYO5C,[36.1:15:50271811-50375262:-],0.311190846,0.311190846,1.898741897,0.311190846
TGFB3,[36.1:14:75494195-75517251:-],-0.948607885,0.077870841,0.077870841,0.077870841
ILK,[36.1:11:6581540-6588677:+],-0.900305462,-0.078547071,-0.078547071,-0.078547071
SNTA1,[36.1:20:31459424-31495359:-],0.01823072,1.520110576,0.01823072,0.01823072
GJA1,[36.1:6:121798444-121812572:+],-1.701512141,-0.2605062,-0.2605062,-0.2605062
NDP,[36.1:X:43692844-43717788:-],-0.323693805,1.458907477,-0.323693805,-0.323693805
UAP1,[36.1:1:160797920-160836257:+],0.080344304,0.080344304,0.080344304,0.953876768
YAP1,[36.1:11:101486497-101609359:+],-1.205309333,-0.269451627,-0.269451627,-0.269451627
LTBP1,[36.1:2:33025896-33478080:+],-1.841206462,-0.085445882,-0.085445882,-0.085445882
SYPL1,[36.1:7:105518187-105540293:-],-1.44151676,-0.282426911,-0.282426911,-0.282426911
RABGAP1L,[36.1:1:172395171-173193950:+],-0.137585556,-0.137585556,-1.015723188,-0.137585556
ALDH3B1,[36.1:11:67532624-67553319:+],0.016964451,0.016964451,0.016964451,0.634845941
LOX,[36.1:5:121429918-121441867:-],0.258243364,0.258243364,0.258243364,2.914972782
FHL2,[36.1:2:105335872-105421392:-],0.506442214,0.506442214,0.506442214,2.770258389
IGFBP6,[36.1:12:51777703-51782395:+],0.393571785,0.393571785,0.393571785,2.31373282
DCBLD2,[36.1:3:99997504-100103223:-],0.528859528,0.528859528,0.528859528,2.277303553
BNC2,[36.1:9:16399501-16860786:-],0.465906978,0.465906978,0.465906978,1.965290585
CASP8,[36.1:2:201806411-201860679:+],-0.776569838,-0.028619847,-0.028619847,-0.028619847
HEXA,[36.1:15:70422832-70455457:-],-0.011283389,-0.011283389,-0.011283389,0.819855433
COL8A2,[36.1:1:36333433-36338437:-],0.187716761,0.187716761,0.187716761,1.598960055
TES,[36.1:7:115637817-115686073:+],0.182284379,0.182284379,0.182284379,1.304357042
AIM1,[36.1:6:107066423-107125028:+],0.287586222,0.287586222,0.287586222,2.309739855
ENG,[36.1:9:129617116-129656805:-],0.074119041,0.074119041,0.074119041,0.69372779
FXYD5,[36.1:19:40337467-40352626:+],0.063953216,0.063953216,0.063953216,1.150923043
LY75,[36.1:2:160368112-160469508:-],-0.085835509,-0.085835509,-0.085835509,1.448435602
PLAU,[36.1:10:75340896-75347261:+],0.121770726,0.121770726,0.121770726,2.021120318
SH2B3,[36.1:12:110328135-110373810:+],0.040632268,0.040632268,0.040632268,0.859017101
CDCP1,[36.1:3:45098773-45162918:-],0.218496884,0.218496884,0.218496884,1.272594121
TRIM38,[36.1:6:26071050-26093510:+],-1.241724207,-0.024182103,-0.024182103,-0.024182103
SP100,[36.1:2:230989115-231118561:+],-0.990676986,-0.192899559,-0.192899559,-0.192899559
FES,[36.1:15:89228713-89240010:+],-0.011058181,-0.011058181,-0.011058181,0.630282721
S100A4,[36.1:1:151782719-151784906:-],-0.157441083,-0.157441083,-0.157441083,1.278229947
P4HA2,[36.1:5:131556202-131591455:-],0.174131646,0.174131646,0.174131646,1.701306194
COL5A1,[36.1:9:136673473-136876510:+],0.394910333,0.394910333,0.394910333,1.881686203
COL1A2,[36.1:7:93861809-93898480:+],0.461078219,0.461078219,0.461078219,2.591322432
COL1A1,[36.1:17:45616456-45633999:-],0.512919898,0.512919898,0.512919898,2.63225022
THBS1,[36.1:15:37660572-37676960:+],0.469828552,0.469828552,0.469828552,1.951789507
IL1R1,[36.1:2:102136834-102162766:+],0.3168219,0.3168219,0.3168219,1.759436431
LAMB1,[36.1:7:107351499-107431040:-],-0.059793065,-0.059793065,-0.059793065,1.660408183
LTBP2,[36.1:14:74034639-74148787:-],0.291771645,0.291771645,0.291771645,1.415170438
RAB27A,[36.1:15:53283072-53369293:-],0.309165291,0.309165291,0.309165291,1.946635856
HEXB,[36.1:5:73971604-74052869:+],0.023178223,0.023178223,0.023178223,1.025867744
TMBIM1,[36.1:2:218847161-218865524:-],-1.687868818,-0.349976026,-0.349976026,-0.349976026
COPZ2,[36.1:17:43458532-43470151:-],-1.574327108,-0.290107772,-0.290107772,-0.290107772
ANXA4,[36.1:2:69822610-69907095:+],-1.624033617,-0.338410287,-0.338410287,-0.338410287
PGCP,[36.1:8:97726675-98224905:+],-1.374224384,-0.192816908,-0.192816908,-0.192816908
SRPX2,[36.1:X:99785819-99812952:+],0.092674953,0.092674953,0.092674953,2.188744443
ZNF217,[36.1:20:51617017-51633043:-],-2.036718764,-0.463739989,-0.463739989,-0.463739989
DRAM,[36.1:12:100795236-100841532:+],-1.193949986,-0.149644188,-0.149644188,-0.149644188
MRC2,[36.1:17:58058494-58124690:+],-1.076097891,-0.091211444,-0.091211444,-0.091211444
WWTR1,[36.1:3:150720722-150858472:-],0.067201247,0.067201247,0.067201247,1.105495438
SERPINE1,[36.1:7:100557125-100569026:+],0.083089964,0.083089964,0.083089964,2.237783994
CLCF1,[36.1:11:66888215-66897782:-],0.039759204,0.039759204,0.039759204,0.74251185
LRRFIP1,[36.1:2:238265668-238353693:+],-0.001230633,-0.001230633,-0.001230633,0.668884158
FURIN,[36.1:15:89212889-89227691:+],0.032601376,0.032601376,0.032601376,0.711529771
RBMS1,[36.1:2:160838758-161058551:-],-0.023081416,-0.023081416,-0.023081416,1.065316419
NRP1,[36.1:10:33506432-33663839:-],0.266286652,0.266286652,0.266286652,1.50556833
MYH9,[36.1:22:35007272-35113958:-],0.037529693,0.037529693,0.037529693,1.136804924
ADAM12,[36.1:10:127693415-128067055:-],0.167944702,0.167944702,0.167944702,1.512657617
MVP,[36.1:16:29739288-29766856:+],0.115504273,0.115504273,0.115504273,1.609968442
FER1L3,[36.1:10:95055693-95232029:-],-0.055399108,-0.055399108,-0.055399108,1.514002118
IQGAP1,[36.1:15:88732477-88846479:+],-0.278953327,-0.278953327,-0.278953327,0.9520578
CAST,[36.1:5:96023697-96136143:+],-0.014885225,-0.014885225,-0.014885225,1.08554068
SHC1,[36.1:1:153201398-153213464:-],0.119108185,0.119108185,0.119108185,1.242410068
ITGA5,[36.1:12:53075312-53099317:-],0.13078696,0.13078696,0.13078696,1.393689552
FNDC3B,[36.1:3:173240112-173601181:+],-0.065856778,-0.065856778,-0.065856778,1.000984633
GLT25D1,[36.1:19:17527460-17555402:+],-0.13588892,-0.13588892,-0.13588892,0.647858418
TCIRG1,[36.1:11:67563059-67574942:+],-0.018876227,-0.018876227,-0.018876227,1.28123952
TGOLN2,[36.1:2:85392305-85408885:-],-0.038872127,-0.038872127,-0.038872127,0.699988418
TNFRSF1A,[36.1:12:6308184-6321522:-],-1.372508403,-0.291850712,-0.291850712,-0.291850712
ANXA1,[36.1:9:74956601-74975129:+],-2.572248222,-0.604467224,-0.604467224,-0.604467224
PTRF,[36.1:17:37807996-37828800:-],-1.55500239,-0.17043302,-0.17043302,-0.17043302
EHD2,[36.1:19:52908502-52938203:+],-0.858630021,-0.039982598,-0.039982598,-0.039982598
EFEMP2,[36.1:11:65390488-65396852:-],-1.858874271,-0.398862814,-0.398862814,-0.398862814
TIMP1,[36.1:X:47326634-47331134:+],-0.264964845,-0.264964845,-0.264964845,1.616599554
LGALS1,[36.1:22:36401559-36405755:+],-1.155172974,-0.123267859,-0.123267859,-0.123267859
LGALS3,[36.1:14:54665625-54681944:+],-2.745843705,-0.513841825,-0.513841825,-0.513841825
CHI3L1,[36.1:1:201414680-201422545:-],-3.598481544,-0.968809591,-0.968809591,-0.968809591
CLIC1,[36.1:6:31806337-31813074:-],-1.762849817,-0.298362778,-0.298362778,-0.298362778
CCDC109B,[36.1:4:110700866-110828321:+],-2.103904297,-0.540382599,-0.540382599,-0.540382599
EMP3,[36.1:19:53520454-53525622:+],-2.578298083,-0.587297926,-0.587297926,-0.587297926
ANXA2,[36.1:15:58426642-58477479:-],-0.24638268,-0.24638268,-0.24638268,1.008167966
PDPN,[36.1:1:13782839-13817039:+],-2.589958471,-0.42359576,-0.42359576,-0.42359576
PYGL,[36.1:14:50441687-50480984:-],-1.395572419,-0.157792522,-0.157792522,-0.157792522
ARSJ,[36.1:4:115040888-115120327:-],-1.944181104,-0.063868133,-0.063868133,-0.063868133
SWAP70,[36.1:11:9642204-9731084:+],-1.45800272,-0.266831212,-0.266831212,-0.266831212
TRADD,[36.1:16:65745354-65751313:-],-0.04593836,-0.04593836,-0.04593836,0.438388807
PLS3,[36.1:X:114701746-114791248:+],-1.794583464,-0.114590543,-0.114590543,-0.114590543
ICAM3,[36.1:19:10305452-10311300:-],-1.287708044,0.018717412,0.018717412,0.018717412
VAMP5,[36.1:2:85665042-85674027:+],-1.250844702,-0.078481321,-0.078481321,-0.078481321
RRAS,[36.1:19:54830361-54835212:-],-0.08061491,-0.08061491,-0.08061491,0.910869748
PROCR,[36.1:20:33223435-33228826:+],0.061587836,0.061587836,0.061587836,0.941233762
RAB32,[36.1:6:146906521-146917779:+],-1.422345644,-0.098678271,-0.098678271,-0.098678271
ASL,[36.1:7:65178211-65195765:+],-0.94417977,-0.02936846,-0.02936846,-0.02936846
RELB,[36.1:19:50196505-50233292:+],-0.020706985,-0.020706985,-0.020706985,0.512990863
TGFBI,[36.1:5:135392579-135427406:+],0.066319734,0.066319734,0.066319734,1.905329863
SLC16A3,[36.1:17:77779582-77790658:+],0.048914715,0.048914715,0.048914715,1.103608943
IL15RA,[36.1:10:6034340-6060148:-],0.05538339,0.05538339,0.05538339,0.906604068
ELF4,[36.1:X:129026530-129072334:-],0.014333626,0.014333626,0.014333626,0.835338348
SLC10A3,[36.1:X:153368842-153372189:-],0.125873571,0.125873571,0.125873571,0.983849226
GCNT1,[36.1:9:78246402-78312152:+],0.096233904,0.096233904,0.096233904,1.154889978
LYPLA3,[36.1:16:66836748-66852462:+],0.095335358,0.095335358,0.095335358,0.711318931
DSC2,[36.1:18:26900004-26936375:-],0.050456645,0.050456645,0.050456645,0.858015645
MAPK13,[36.1:6:36206240-36215820:+],0.103016392,0.103016392,0.103016392,0.816182858
HK3,[36.1:5:176240476-176258939:-],0.127476679,0.127476679,0.127476679,0.818059107
MAN2B1,[36.1:19:12618322-12638828:-],-0.11437652,-0.11437652,-0.11437652,0.889116863
GRN,[36.1:17:39778017-39786000:+],-0.079084082,-0.079084082,-0.079084082,0.757804265
CEBPB,[36.1:20:48240783-48242619:+],-0.041478491,-0.041478491,-0.041478491,0.836701876
MGAT1,[36.1:5:180150149-180168364:-],0.050809209,0.050809209,0.050809209,0.747137524
FLJ20273,[36.1:4:40120029-40326640:-],-0.18288046,-0.18288046,-0.18288046,1.056517351
POLD4,[36.1:11:66875595-66877593:-],-0.003814384,-0.003814384,-0.003814384,0.844963964
VDR,[36.1:12:46521587-46585081:-],0.089409409,0.089409409,0.089409409,0.833661627
NOD2,[36.1:16:49288551-49324488:+],0.089357422,0.089357422,0.089357422,0.976297286
DAB2,[36.1:5:39407537-39461092:-],0.044491525,0.044491525,0.044491525,1.396415525
PTGER4,[36.1:5:40715789-40729594:+],0.097030298,0.097030298,0.097030298,0.90434833
THBD,[36.1:20:22974270-22978301:-],0.360189721,0.360189721,0.360189721,1.793804547
PLAUR,[36.1:19:48842088-48866539:-],0.189502743,0.189502743,0.189502743,1.845895497
CASP5,[36.1:11:104370180-104384957:-],-0.036788526,-0.036788526,-0.036788526,0.791492597
CASP4,[36.1:11:104318804-104344535:-],-0.045577484,-0.045577484,-0.045577484,1.285873026
CASP1,[36.1:11:104401206-104411067:-],-1.887722421,-0.306891582,-0.306891582,-0.306891582
SLAMF8,[36.1:1:158063103-158073906:+],0.180417201,0.180417201,0.180417201,1.528607007
FLJ22662,[36.1:12:14547862-14612058:-],0.15900858,0.15900858,0.15900858,1.811608378
RHOG,[36.1:11:3804784-3818789:-],-0.040835349,-0.040835349,-0.040835349,0.695893588
CTSB,[36.1:8:11737442-11763055:-],0.133568166,0.133568166,0.133568166,1.428534927
CTSC,[36.1:11:87666408-87710586:-],-0.070623025,-0.070623025,-0.070623025,1.468256675
TGFBR2,[36.1:3:30622998-30710638:+],0.03318199,0.03318199,0.03318199,1.082545435
IL4R,[36.1:16:27232752-27283600:+],0.124475689,0.124475689,0.124475689,1.273123566
LHFPL2,[36.1:5:77816794-77980404:-],0.019774884,0.019774884,0.019774884,0.72399565
GNA15,[36.1:19:3087191-3114766:+],0.160269514,0.160269514,0.160269514,1.131873899
TNFRSF1B,[36.1:1:12149647-12191864:+],0.043561584,0.043561584,0.043561584,0.947832285
CCR5,[36.1:3:46386637-46392701:+],0.135398037,0.135398037,0.135398037,1.0376688
DOK3,[36.1:5:176861511-176869992:-],0.027797385,0.027797385,0.027797385,0.75316299
BATF,[36.1:14:75058537-75083088:+],-0.021406476,-0.021406476,-0.021406476,0.55350851
RAC2,[36.1:22:35951256-35970251:-],0.078300413,0.078300413,0.078300413,1.113591797
NCF2,[36.1:1:181791320-181826634:-],0.150136609,0.150136609,0.150136609,1.65558407
KYNU,[36.1:2:143351665-143516355:+],0.108370427,0.108370427,0.108370427,0.940138725
DSE,[36.1:6:116707976-116866138:+],0.321594482,0.321594482,0.321594482,1.84810771
C1orf38,[36.1:1:28071642-28085783:+],0.029258825,0.029258825,0.029258825,1.447385433
ITGAM,[36.1:16:31178539-31251714:+],0.058514488,0.058514488,0.058514488,0.938842837
MS4A4A,[36.1:11:59804715-59833021:+],-0.087413269,-0.087413269,-2.156110553,-0.087413269
MSR1,[36.1:8:16009758-16094671:-],-0.013281548,-0.013281548,-0.013281548,1.366057191
IFI30,[36.1:19:18145579-18149927:+],-0.161824037,-0.161824037,-0.161824037,1.599089189
NCF4,[36.1:22:35586976-35604005:+],0.061042797,0.061042797,0.061042797,1.192664657
CD14,[36.1:5:139991501-139993439:-],-0.16976018,-0.16976018,-0.16976018,1.249611073
SIGLEC9,[36.1:19:56319977-56325379:+],0.067146165,0.067146165,0.067146165,1.068330726
PTPN6,[36.1:12:6926001-6940740:+],0.025344932,0.025344932,0.025344932,0.826965072
MYO1F,[36.1:19:8491996-8548307:-],0.111042862,0.111042862,0.111042862,0.990205179
LAIR1,[36.1:19:59557047-59568533:-],0.189055863,0.189055863,0.189055863,1.483873214
LAPTM5,[36.1:1:30977903-31003254:-],-0.113549075,-0.113549075,-0.113549075,1.244908793
ITGB2,[36.1:21:45130296-45165303:-],-0.047482699,-0.047482699,-0.047482699,1.195317739
TLR2,[36.1:4:154824891-154846693:+],-0.113698034,-0.113698034,-0.113698034,1.217349852
PTPRC,[36.1:1:196874760-196993168:+],-0.072653067,-0.072653067,-0.072653067,1.265177207
ALOX5,[36.1:10:45189635-45261571:+],-0.039535874,-0.039535874,-0.039535874,0.951429199
LCP1,[36.1:13:45598059-45654395:-],0.099670783,0.099670783,0.099670783,1.267662127
FCGR2A,[36.1:1:159741844-159755984:+],-0.012806758,-0.012806758,-0.012806758,1.381418024
CD4,[36.1:12:6768912-6800237:+],0.030164432,0.030164432,0.030164432,1.220498189
LCP2,[36.1:5:169607666-169657400:-],0.000658337,0.000658337,0.000658337,1.191647066
CSTA,[36.1:3:123526701-123543897:+],0.023122467,0.023122467,0.023122467,1.992019483
SERPINA1,[36.1:14:93914451-93926782:-],-0.039275469,-0.039275469,-0.039275469,1.188743918
PSCD4,[36.1:22:36008370-36041328:+],0.085182466,0.085182466,0.085182466,1.199596064
MAFB,[36.1:20:38747929-38751606:-],-0.130677267,-0.130677267,-0.130677267,1.529620085
SYNGR2,[36.1:17:73676266-73680604:+],-0.111536058,-0.111536058,-0.910751966,-0.111536058
STXBP2,[36.1:19:7608013-7618759:+],0.028274422,0.028274422,0.028274422,0.76439477
ARPC1B,[36.1:7:98810265-98830360:+],0.09436949,0.09436949,0.09436949,1.731003747
SIGLEC7,[36.1:19:56337370-56348743:+],-0.024554351,-0.024554351,-0.024554351,0.586753376
LILRB3,[36.1:19:59411959-59438478:-],0.123086271,0.123086271,0.123086271,0.962897386
NPC2,[36.1:14:74016396-74029837:-],-0.128765436,-0.128765436,-0.128765436,1.142696485
TRPM2,[36.1:21:44594474-44687392:+],0.018180408,0.018180408,0.018180408,0.593279847
FMNL1,[36.1:17:40655075-40680468:+],0.071765787,0.071765787,0.071765787,0.856790841
LY96,[36.1:8:75066144-75103868:+],-0.005300093,-0.005300093,-0.005300093,2.104633625
SLC11A1,[36.1:2:218954996-218969861:+],0.011624492,0.011624492,0.011624492,0.984384207
ECGF1,[36.1:22:49311047-49315321:-],-0.03558636,-0.03558636,-0.03558636,1.193390034
MFSD1,[36.1:3:160002551-160030230:+],-0.077986107,-0.077986107,-0.077986107,0.816998084
SQRDL,[36.1:15:43714548-43770772:+],-0.058051956,-0.058051956,-0.058051956,1.439821301
PSCDBP,[36.1:2:157979377-158008850:-],0.235838666,0.235838666,0.235838666,1.585668474
S100A11,[36.1:1:150271606-150276135:-],-0.156692486,-0.156692486,-0.156692486,1.508572836
TNFAIP8,[36.1:5:118632317-118758193:+],0.026240395,0.026240395,0.026240395,1.490559773
FPRL2,[36.1:19:56990223-57021252:+],0.212474407,0.212474407,0.212474407,1.920187975
C5AR1,[36.1:19:52504915-52517167:+],0.214539035,0.214539035,0.214539035,1.51361621
LILRB2,[36.1:19:59469487-59476818:-],0.060844705,0.060844705,0.060844705,0.973113327
AMPD3,[36.1:11:10428800-10485702:+],0.024663658,0.024663658,0.024663658,0.829767034
STAB1,[36.1:3:52504396-52533551:+],0.149414502,0.149414502,0.149414502,1.349263538
MAN1A1,[36.1:6:119540958-119712625:-],0.165279322,0.165279322,0.165279322,1.36705112
CTSZ,[36.1:20:57003635-57015697:-],0.091387739,0.091387739,0.091387739,1.058292662
STAT6,[36.1:12:55775458-55791428:-],0.011157832,0.011157832,0.011157832,0.778167495
FCGR2B,[36.1:1:159899564-159914575:+],0.007829848,0.007829848,0.007829848,2.319804811
ST14,[36.1:11:129534892-129585467:+],0.195441693,0.195441693,0.195441693,1.11817149
ACSL1,[36.1:4:185913743-185984209:-],-0.010250218,-0.010250218,-1.34387613,-0.010250218
SCPEP1,[36.1:17:52410487-52439532:+],-0.09984826,-0.09984826,-1.031302632,-0.09984826
ACPP,[36.1:3:133518941-133569832:+],0.087009286,0.087009286,0.087009286,0.926605728
RAB11FIP1,[36.1:8:37835628-37876161:-],0.074750585,0.074750585,0.074750585,0.750829296
TNFRSF11A,[36.1:18:58143528-58204484:+],0.075106145,0.075106145,0.075106145,0.931954687
WIPF1,[36.1:2:175132548-175255873:-],0.051793546,0.051793546,0.051793546,0.809668416
TNFAIP3,[36.1:6:138230151-138246142:+],0.15747496,0.15747496,0.15747496,1.292616561
PTPN22,[36.1:1:114157960-114215857:-],0.13000695,0.13000695,0.13000695,1.059445408
SAT1,[36.1:X:23711211-23714248:+],0.071922847,0.071922847,0.071922847,1.3362105
PLK3,[36.1:1:45038623-45044254:+],-0.044600891,-0.044600891,-0.044600891,0.730307945
SEC24D,[36.1:4:119863426-119979270:-],-0.04709173,-0.04709173,-0.04709173,0.808063857
CLEC2B,[36.1:12:9896235-9913725:-],-0.012472487,-0.012472487,-0.012472487,2.009015485
MAN2A1,[36.1:5:109053055-109231328:+],0.055938252,0.055938252,0.055938252,1.39825722
BDKRB2,[36.1:14:95740950-95780542:+],0.17928251,0.17928251,0.17928251,1.10181317
CD2AP,[36.1:6:47553484-47702958:+],-0.022325775,-0.022325775,-0.022325775,0.989744585
SFT2D2,[36.1:1:166461870-166479002:+],0.123880021,0.123880021,0.123880021,0.93181501
RUNX2,[36.1:6:45404032-45626797:+],0.133797994,0.133797994,0.133797994,0.959502898
ITGA4,[36.1:2:182029864-182110742:+],0.105952537,0.105952537,0.105952537,1.328219174
HFE,[36.1:6:26195427-26205036:+],-0.608655808,-0.05033598,-0.05033598,-0.05033598
FHOD1,[36.1:16:65820793-65838926:-],0.092045497,0.092045497,0.092045497,0.751198549
TRIM22,[36.1:11:5667495-5688669:+],-1.90729031,-0.379113433,-0.379113433,-0.379113433
PHF11,[36.1:13:48967802-49001118:+],-1.46554944,-0.296563789,-0.296563789,-0.296563789
RBKS,[36.1:2:27857770-27966767:-],0.008762312,1.11434835,0.008762312,0.008762312
MGST2,[36.1:4:140806372-140844857:+],-1.098473084,-0.079018166,-0.079018166,-0.079018166
C1orf54,[36.1:1:148511822-148519951:+],-1.416535956,-0.123418944,-0.123418944,-0.123418944
BLVRB,[36.1:19:45645541-45663517:-],-1.083555078,-0.140148434,-0.140148434,-0.140148434
CYBRD1,[36.1:2:172087233-172122885:+],-1.370110599,-0.243018139,-0.243018139,-0.243018139
ARHGAP29,[36.1:1:94407051-94475895:-],-0.949027792,0.08270843,0.08270843,0.08270843
CNN2,[36.1:19:977298-990064:+],0.327667553,0.327667553,0.327667553,1.592983266
TLR4,[36.1:9:119506431-119519589:+],-0.183252518,-0.183252518,-1.800471931,-0.183252518
PIGP,[36.1:21:37359523-37367328:-],-0.154796559,-0.154796559,-1.159969781,-0.154796559
UCP2,[36.1:11:73363364-73371537:-],-0.07636628,-0.07636628,-1.38765036,-0.07636628
FOLR2,[36.1:11:71605486-71610637:+],0.021366926,0.021366926,-1.522390978,0.021366926
TEC,[36.1:4:47832557-47966571:-],-0.058732003,-0.058732003,-0.777396038,-0.058732003
S100A13,[36.1:1:151857996-151865572:-],-2.336608207,-0.437672488,-0.437672488,-0.437672488